query_id,data,last_updated,status
6258915,"gamer,games played,games,portfolio link
BURNV77NEAJWYLqDV6M2XBgX9bjoQZSQf4VN6Ha2zFPp,9,""Aurory, Genopets, Honeyland, MixMob, Nyan Heroes, Portals, Portals Chrono Rush, StepN, ev.io"",""<a href=""""https://solscan.io/account/BURNV77NEAJWYLqDV6M2XBgX9bjoQZSQf4VN6Ha2zFPp"""" target=""""_blank"""">View Portfolio</a>""
gasTzr94Pmp4Gf8vknQnqxeYxdgwFjbgdJa4msYRpnB,9,""Aurory, Axie Rescue, Faraway, Genopets, Honeyland, MixMob, Portals, Portals Chrono Rush, StepN"",""<a href=""""https://solscan.io/account/gasTzr94Pmp4Gf8vknQnqxeYxdgwFjbgdJa4msYRpnB"""" target=""""_blank"""">View Portfolio</a>""
7dGrdJRYtsNR8UYxZ3TnifXGjGc9eRYLq9sELwYpuuUu,9,""Aurory, Faraway, Genopets, Honeyland, MixMob, Nyan Heroes, Portals, Portals Chrono Rush, StepN"",""<a href=""""https://solscan.io/account/7dGrdJRYtsNR8UYxZ3TnifXGjGc9eRYLq9sELwYpuuUu"""" target=""""_blank"""">View Portfolio</a>""
HuTshmtwcQkWBLzgW3m4uwcmik7Lmz4YFpYcTqMJpXiP,9,""Aurory, Faraway, Genopets, Honeyland, MixMob, Nyan Heroes, Portals, Portals Chrono Rush, StepN"",""<a href=""""https://solscan.io/account/HuTshmtwcQkWBLzgW3m4uwcmik7Lmz4YFpYcTqMJpXiP"""" target=""""_blank"""">View Portfolio</a>""
RefundpHgY2GhTgzYsCze7bSbvuuoGVSwCeXdKckxNC,9,""Aurory, Faraway, Genopets, Honeyland, MixMob, Nyan Heroes, Portals, StepN, ev.io"",""<a href=""""https://solscan.io/account/RefundpHgY2GhTgzYsCze7bSbvuuoGVSwCeXdKckxNC"""" target=""""_blank"""">View Portfolio</a>""
5MGfsuYNRhbuN6x1M6WaR3721dSDGtXpcsHxNsgkjsXC,9,""Aurory, Faraway, Genopets, Honeyland, MixMob, Nyan Heroes, Portals, Portals Chrono Rush, StepN"",""<a href=""""https://solscan.io/account/5MGfsuYNRhbuN6x1M6WaR3721dSDGtXpcsHxNsgkjsXC"""" target=""""_blank"""">View Portfolio</a>""
3nMNd89AxwHUa1AFvQGqohRkxFEQsTsgiEyEyqXFHyyH,9,""Aurory, Faraway, Genopets, Honeyland, MixMob, Nyan Heroes, Portals, Portals Chrono Rush, StepN"",""<a href=""""https://solscan.io/account/3nMNd89AxwHUa1AFvQGqohRkxFEQsTsgiEyEyqXFHyyH"""" target=""""_blank"""">View Portfolio</a>""
RaVenxw8kykBbW7KGBaBsb7fDkkBYK4uJVDSFun6ZxR,9,""Aurory, Faraway, Genopets, Honeyland, MixMob, Nyan Heroes, Portals, Portals Chrono Rush, StepN"",""<a href=""""https://solscan.io/account/RaVenxw8kykBbW7KGBaBsb7fDkkBYK4uJVDSFun6ZxR"""" target=""""_blank"""">View Portfolio</a>""
AxR5o7n98EY6xoNGVhrJ3QGZAS2wRUcbzRnU5Dwbaev8,9,""Aurory, Faraway, Genopets, Honeyland, MixMob, Nyan Heroes, Portals, Portals Chrono Rush, StepN"",""<a href=""""https://solscan.io/account/AxR5o7n98EY6xoNGVhrJ3QGZAS2wRUcbzRnU5Dwbaev8"""" target=""""_blank"""">View Portfolio</a>""
HLtnuk5FLQr48jSpSw41xwaEqZ3MoucT1hmVzccToQZE,8,""Aurory, Faraway, Genopets, Honeyland, Nyan Heroes, Portals, Portals Chrono Rush, StepN"",""<a href=""""https://solscan.io/account/HLtnuk5FLQr48jSpSw41xwaEqZ3MoucT1hmVzccToQZE"""" target=""""_blank"""">View Portfolio</a>""
j1oAbxxiDUWvoHxEDhWE7THLjEkDQW2cSHYn2vttxTF,8,""Aurory, Genopets, Honeyland, MixMob, Nyan Heroes, Portals, Portals Chrono Rush, StepN"",""<a href=""""https://solscan.io/account/j1oAbxxiDUWvoHxEDhWE7THLjEkDQW2cSHYn2vttxTF"""" target=""""_blank"""">View Portfolio</a>""
bobCPc5nqVoX7r8gKzCMPLrKjFidjnSCrAdcYGCH2Ye,8,""Aurory, Genopets, Honeyland, MixMob, Nyan Heroes, Portals, Portals Chrono Rush, StepN"",""<a href=""""https://solscan.io/account/bobCPc5nqVoX7r8gKzCMPLrKjFidjnSCrAdcYGCH2Ye"""" target=""""_blank"""">View Portfolio</a>""
2QfBNK2WDwSLoUQRb1zAnp3KM12N9hQ8q6ApwUMnWW2T,8,""Aurory, Faraway, Genopets, Honeyland, MixMob, Portals, Portals Chrono Rush, StepN"",""<a href=""""https://solscan.io/account/2QfBNK2WDwSLoUQRb1zAnp3KM12N9hQ8q6ApwUMnWW2T"""" target=""""_blank"""">View Portfolio</a>""
7jN6hUdNBdkK12wVM2iydxx9hzsxUhUppmr99Aeu6cKb,8,""Aurory, Genopets, Honeyland, MixMob, Nyan Heroes, Portals, Portals Chrono Rush, StepN"",""<a href=""""https://solscan.io/account/7jN6hUdNBdkK12wVM2iydxx9hzsxUhUppmr99Aeu6cKb"""" target=""""_blank"""">View Portfolio</a>""
K1tChn2NETQd9cCHe1UmUyWP3rDA92gP1dH4nNyEJrx,8,""Aurory, Genopets, Honeyland, MixMob, Nyan Heroes, Portals, Portals Chrono Rush, StepN"",""<a href=""""https://solscan.io/account/K1tChn2NETQd9cCHe1UmUyWP3rDA92gP1dH4nNyEJrx"""" target=""""_blank"""">View Portfolio</a>""
HvFdDWS3RqymRAVx1ZdoL2RjiC38r5dtt19Z8op5jqDK,8,""Aurory, Genopets, Honeyland, MixMob, Nyan Heroes, Portals, Portals Chrono Rush, StepN"",""<a href=""""https://solscan.io/account/HvFdDWS3RqymRAVx1ZdoL2RjiC38r5dtt19Z8op5jqDK"""" target=""""_blank"""">View Portfolio</a>""
FkdDHrM8j8psKbxuwjV1jBKCM2JGPygkj7WCX8sSCzNm,8,""Aurory, Faraway, Genopets, Honeyland, MixMob, Portals, Portals Chrono Rush, StepN"",""<a href=""""https://solscan.io/account/FkdDHrM8j8psKbxuwjV1jBKCM2JGPygkj7WCX8sSCzNm"""" target=""""_blank"""">View Portfolio</a>""
ATQs6A92eUzdxTBsQhRJxxJDpgYDTGvLnU4e5mMEfY3k,8,""Aurory, Faraway, Genopets, Honeyland, Nyan Heroes, Portals, Portals Chrono Rush, StepN"",""<a href=""""https://solscan.io/account/ATQs6A92eUzdxTBsQhRJxxJDpgYDTGvLnU4e5mMEfY3k"""" target=""""_blank"""">View Portfolio</a>""
j1opmdubY84LUeidrPCsSGskTCYmeJVzds1UWm6nngb,8,""Aurory, Genopets, Honeyland, MixMob, Nyan Heroes, Portals, Portals Chrono Rush, StepN"",""<a href=""""https://solscan.io/account/j1opmdubY84LUeidrPCsSGskTCYmeJVzds1UWm6nngb"""" target=""""_blank"""">View Portfolio</a>""
j1oxqtEHFn7rUkdABJLmtVtz5fFmHFs4tCG3fWJnkHX,8,""Aurory, Axie Rescue, Genopets, Honeyland, MixMob, Portals, Portals Chrono Rush, StepN"",""<a href=""""https://solscan.io/account/j1oxqtEHFn7rUkdABJLmtVtz5fFmHFs4tCG3fWJnkHX"""" target=""""_blank"""">View Portfolio</a>""
5wMHFyCgRrggsKWrvS2zHDHi7V6xfwfSAsZG95LwXYUQ,8,""Aurory, Faraway, Genopets, Honeyland, Nyan Heroes, Portals, Portals Chrono Rush, StepN"",""<a href=""""https://solscan.io/account/5wMHFyCgRrggsKWrvS2zHDHi7V6xfwfSAsZG95LwXYUQ"""" target=""""_blank"""">View Portfolio</a>""
co1dafmGrEDyzjRGLwc7iw8woCwcUQFjaa6CWkmsKoJ,8,""Aurory, Genopets, Honeyland, MixMob, Nyan Heroes, Portals, Portals Chrono Rush, StepN"",""<a href=""""https://solscan.io/account/co1dafmGrEDyzjRGLwc7iw8woCwcUQFjaa6CWkmsKoJ"""" target=""""_blank"""">View Portfolio</a>""
EV7VScMVUyfe8LKczt5rgJjhfyJy4DnfRGcJJ9g3zjZB,8,""Aurory, Genopets, Honeyland, MixMob, Nyan Heroes, Portals, Portals Chrono Rush, StepN"",""<a href=""""https://solscan.io/account/EV7VScMVUyfe8LKczt5rgJjhfyJy4DnfRGcJJ9g3zjZB"""" target=""""_blank"""">View Portfolio</a>""
8psNvWTrdNTiVRNzAgsou9kETXNJm2SXZyaKuJraVRtf,7,""Aurory, Genopets, Honeyland, MixMob, Portals, Portals Chrono Rush, StepN"",""<a href=""""https://solscan.io/account/8psNvWTrdNTiVRNzAgsou9kETXNJm2SXZyaKuJraVRtf"""" target=""""_blank"""">View Portfolio</a>""
3b3zfYBQ61sEicY4bhQMKUvRo9bAxPYAz32uyAP9Cj9u,7,""Aurory, Genopets, Honeyland, MixMob, Portals, Portals Chrono Rush, StepN"",""<a href=""""https://solscan.io/account/3b3zfYBQ61sEicY4bhQMKUvRo9bAxPYAz32uyAP9Cj9u"""" target=""""_blank"""">View Portfolio</a>""
LvjCuiYEvNiHiXNAMUPUDbuCrmaMTUyubLypXwn22Fm,7,""Aurory, Faraway, Honeyland, MixMob, Portals, Portals Chrono Rush, StepN"",""<a href=""""https://solscan.io/account/LvjCuiYEvNiHiXNAMUPUDbuCrmaMTUyubLypXwn22Fm"""" target=""""_blank"""">View Portfolio</a>""
3FBUsToukAY7Gs1hB9WCqaxXcYCxcPN191tiL5iNo9bH,7,""Aurory, Genopets, Honeyland, Nyan Heroes, Portals, Portals Chrono Rush, StepN"",""<a href=""""https://solscan.io/account/3FBUsToukAY7Gs1hB9WCqaxXcYCxcPN191tiL5iNo9bH"""" target=""""_blank"""">View Portfolio</a>""
HxjwdF326ZunmUwC1iXhfgL3ku78YsksN6n7Rfxzwr6b,7,""Aurory, Genopets, Honeyland, Nyan Heroes, Portals, Portals Chrono Rush, StepN"",""<a href=""""https://solscan.io/account/HxjwdF326ZunmUwC1iXhfgL3ku78YsksN6n7Rfxzwr6b"""" target=""""_blank"""">View Portfolio</a>""
9yfovYg2FkXTL9EAKgudPT4qcWwFTsJt1abEscYucE3S,7,""Aurory, Faraway, Honeyland, MixMob, Portals, Portals Chrono Rush, StepN"",""<a href=""""https://solscan.io/account/9yfovYg2FkXTL9EAKgudPT4qcWwFTsJt1abEscYucE3S"""" target=""""_blank"""">View Portfolio</a>""
7Mv1r1fp1WsfFrkgXeX7N3yyv15N1vKTpugDhgZysKrA,7,""Aurory, Genopets, Honeyland, Nyan Heroes, Portals, Portals Chrono Rush, StepN"",""<a href=""""https://solscan.io/account/7Mv1r1fp1WsfFrkgXeX7N3yyv15N1vKTpugDhgZysKrA"""" target=""""_blank"""">View Portfolio</a>""
avg1twbiWyaGiaw8o7gF9uYho5CvBRSwt6xJZuEZuME,7,""Aurory, Genopets, Honeyland, Nyan Heroes, Portals, Portals Chrono Rush, StepN"",""<a href=""""https://solscan.io/account/avg1twbiWyaGiaw8o7gF9uYho5CvBRSwt6xJZuEZuME"""" target=""""_blank"""">View Portfolio</a>""
2EZsc3KXSRusWxWnzEd7efQFcaxYpoh5LkwtvWohNKZB,7,""Aurory, Faraway, Honeyland, MixMob, Portals, Portals Chrono Rush, StepN"",""<a href=""""https://solscan.io/account/2EZsc3KXSRusWxWnzEd7efQFcaxYpoh5LkwtvWohNKZB"""" target=""""_blank"""">View Portfolio</a>""
Dnwg6ED52C9BXHwQZ68B9ZeVuXAWfiWjEPX5zfhHw77r,7,""Aurory, Faraway, Genopets, Honeyland, MixMob, Nyan Heroes, StepN"",""<a href=""""https://solscan.io/account/Dnwg6ED52C9BXHwQZ68B9ZeVuXAWfiWjEPX5zfhHw77r"""" target=""""_blank"""">View Portfolio</a>""
j1oeQoPeuEDmjvyMwBmCWexzCQup77kbKKxV59CnYbd,7,""Aurory, Honeyland, MixMob, Nyan Heroes, Portals, Portals Chrono Rush, StepN"",""<a href=""""https://solscan.io/account/j1oeQoPeuEDmjvyMwBmCWexzCQup77kbKKxV59CnYbd"""" target=""""_blank"""">View Portfolio</a>""
8pY1AukbuPgUE3EetyLa59rFLMimJGT94ZzbMEZcQF4w,7,""Aurory, Genopets, Honeyland, Nyan Heroes, Portals, Portals Chrono Rush, StepN"",""<a href=""""https://solscan.io/account/8pY1AukbuPgUE3EetyLa59rFLMimJGT94ZzbMEZcQF4w"""" target=""""_blank"""">View Portfolio</a>""
H7iiYcH8YtHcy7nimqSwbTq3ZKm2pY3KtUZZFRA83PJz,7,""Aurory, Faraway, Genopets, Honeyland, Portals, Portals Chrono Rush, StepN"",""<a href=""""https://solscan.io/account/H7iiYcH8YtHcy7nimqSwbTq3ZKm2pY3KtUZZFRA83PJz"""" target=""""_blank"""">View Portfolio</a>""
GxDC9e7SP9mzhDo4re5HbpLa2RW7gB9DtmThx4i4pXSq,7,""Aurory, Faraway, Genopets, Honeyland, Portals, Portals Chrono Rush, StepN"",""<a href=""""https://solscan.io/account/GxDC9e7SP9mzhDo4re5HbpLa2RW7gB9DtmThx4i4pXSq"""" target=""""_blank"""">View Portfolio</a>""
HRyjCJCYb15YSjSieC75cnJAGPyDXtiwAA9FgVmnzfmM,7,""Aurory, Genopets, Honeyland, Nyan Heroes, Portals, Portals Chrono Rush, StepN"",""<a href=""""https://solscan.io/account/HRyjCJCYb15YSjSieC75cnJAGPyDXtiwAA9FgVmnzfmM"""" target=""""_blank"""">View Portfolio</a>""
3nNqq6KrJoosWCstMGNPcZ1Z2wCuqULd9pBZNWHXxH4t,7,""Genopets, Honeyland, MixMob, Nyan Heroes, Portals, Portals Chrono Rush, StepN"",""<a href=""""https://solscan.io/account/3nNqq6KrJoosWCstMGNPcZ1Z2wCuqULd9pBZNWHXxH4t"""" target=""""_blank"""">View Portfolio</a>""
GQEZDiygN1Ric4po2zCSs42kfr6SeBL6Pz1G4DENVWyA,7,""Aurory, Genopets, Honeyland, Nyan Heroes, Portals, Portals Chrono Rush, StepN"",""<a href=""""https://solscan.io/account/GQEZDiygN1Ric4po2zCSs42kfr6SeBL6Pz1G4DENVWyA"""" target=""""_blank"""">View Portfolio</a>""
xUwUxxg5eLEVfowp1ki2we8JWJjukkriVLY39c55nqa,7,""Aurory, Honeyland, MixMob, Nyan Heroes, Portals, Portals Chrono Rush, StepN"",""<a href=""""https://solscan.io/account/xUwUxxg5eLEVfowp1ki2we8JWJjukkriVLY39c55nqa"""" target=""""_blank"""">View Portfolio</a>""
EjwdVLEr4Gsnsu1YMVg3RVsBSfsxekrRjBGv2BPE6tSV,7,""Aurory, Faraway, Honeyland, MixMob, Portals, Portals Chrono Rush, StepN"",""<a href=""""https://solscan.io/account/EjwdVLEr4Gsnsu1YMVg3RVsBSfsxekrRjBGv2BPE6tSV"""" target=""""_blank"""">View Portfolio</a>""
F7p3dFrjRTbtRp8FRF6qHLomXbKRBzpvBLjtQcfcgmNe,7,""Aurory, Faraway, Genopets, Honeyland, MixMob, Portals, StepN"",""<a href=""""https://solscan.io/account/F7p3dFrjRTbtRp8FRF6qHLomXbKRBzpvBLjtQcfcgmNe"""" target=""""_blank"""">View Portfolio</a>""
damnjbgs5YiNCfQYqms2pL5ynNLkQ4WHfrELEFczNZA,6,""Genopets, Honeyland, MixMob, Portals, Portals Chrono Rush, StepN"",""<a href=""""https://solscan.io/account/damnjbgs5YiNCfQYqms2pL5ynNLkQ4WHfrELEFczNZA"""" target=""""_blank"""">View Portfolio</a>""
G4tinUhbt18yjMGEH2yn359gu54VL3Jj9T5rg8Qrfr41,6,""Aurory, Genopets, Honeyland, Portals, Portals Chrono Rush, StepN"",""<a href=""""https://solscan.io/account/G4tinUhbt18yjMGEH2yn359gu54VL3Jj9T5rg8Qrfr41"""" target=""""_blank"""">View Portfolio</a>""
2dRR9CaNrEsHm3UqZacEf8AoDuDx4NGQyMhGxG71NzkN,6,""Aurory, Genopets, Nyan Heroes, Portals, Portals Chrono Rush, StepN"",""<a href=""""https://solscan.io/account/2dRR9CaNrEsHm3UqZacEf8AoDuDx4NGQyMhGxG71NzkN"""" target=""""_blank"""">View Portfolio</a>""
3btBFimiLE7fXorSua7khP5pEHqu1XSgfFNALaSm39Eg,6,""Aurory, Genopets, Honeyland, Portals, Portals Chrono Rush, StepN"",""<a href=""""https://solscan.io/account/3btBFimiLE7fXorSua7khP5pEHqu1XSgfFNALaSm39Eg"""" target=""""_blank"""">View Portfolio</a>""
D5jx4wmxuPz18hqmgpCMLGVq3uSksCafCp5xjVe1nw8p,6,""Aurory, Genopets, Honeyland, MixMob, Nyan Heroes, StepN"",""<a href=""""https://solscan.io/account/D5jx4wmxuPz18hqmgpCMLGVq3uSksCafCp5xjVe1nw8p"""" target=""""_blank"""">View Portfolio</a>""
CUnovtRHzkLDXhRuJm3a9FjhdVdyY1KcySRPdiomiQDD,6,""Aurory, Faraway, Genopets, Honeyland, Portals, StepN"",""<a href=""""https://solscan.io/account/CUnovtRHzkLDXhRuJm3a9FjhdVdyY1KcySRPdiomiQDD"""" target=""""_blank"""">View Portfolio</a>""
6G9T6ykMvz2LbAMgzv3Ess5AwVEqdNNccwZK178uyWJ8,6,""Genopets, Honeyland, Nyan Heroes, Portals, Portals Chrono Rush, StepN"",""<a href=""""https://solscan.io/account/6G9T6ykMvz2LbAMgzv3Ess5AwVEqdNNccwZK178uyWJ8"""" target=""""_blank"""">View Portfolio</a>""
4LeQ2gYL7rv4GBhAJu2kwetbQjbZ3cHPsEwJYwE3CGE4,6,""Aurory, Honeyland, MixMob, Portals, Portals Chrono Rush, StepN"",""<a href=""""https://solscan.io/account/4LeQ2gYL7rv4GBhAJu2kwetbQjbZ3cHPsEwJYwE3CGE4"""" target=""""_blank"""">View Portfolio</a>""
DCCEgz28WE8hZANzRbitk4jxJZWgTYp7wLXq5Au7tBbw,6,""Aurory, Faraway, Honeyland, Portals, Portals Chrono Rush, StepN"",""<a href=""""https://solscan.io/account/DCCEgz28WE8hZANzRbitk4jxJZWgTYp7wLXq5Au7tBbw"""" target=""""_blank"""">View Portfolio</a>""
Awch9PiL7nwQqKNjXHzJd1KvTkFtauVqQDSjdUTqe28n,6,""Genopets, Honeyland, Nyan Heroes, Portals, Portals Chrono Rush, StepN"",""<a href=""""https://solscan.io/account/Awch9PiL7nwQqKNjXHzJd1KvTkFtauVqQDSjdUTqe28n"""" target=""""_blank"""">View Portfolio</a>""
CQwT1byuHgjKnL6vzmuNaAywKfDBVxDmFVgsQDBWxcWt,6,""Aurory, Faraway, Honeyland, Portals, Portals Chrono Rush, StepN"",""<a href=""""https://solscan.io/account/CQwT1byuHgjKnL6vzmuNaAywKfDBVxDmFVgsQDBWxcWt"""" target=""""_blank"""">View Portfolio</a>""
26ooGGTHJwqr56cNg68oQge98LHw7Gq6HQw4grycFtEb,6,""Genopets, Honeyland, MixMob, Portals, Portals Chrono Rush, StepN"",""<a href=""""https://solscan.io/account/26ooGGTHJwqr56cNg68oQge98LHw7Gq6HQw4grycFtEb"""" target=""""_blank"""">View Portfolio</a>""
CEEXTqHaqbVriXoW4uvdaPShkMaHg9AWnFXLS1nS887C,6,""Faraway, Genopets, Honeyland, Portals, Portals Chrono Rush, StepN"",""<a href=""""https://solscan.io/account/CEEXTqHaqbVriXoW4uvdaPShkMaHg9AWnFXLS1nS887C"""" target=""""_blank"""">View Portfolio</a>""
ETPR9nV8akRjpMhaeePPKvysHfmJcZaP4yhKJevCa96o,6,""Genopets, Honeyland, Nyan Heroes, Portals, Portals Chrono Rush, StepN"",""<a href=""""https://solscan.io/account/ETPR9nV8akRjpMhaeePPKvysHfmJcZaP4yhKJevCa96o"""" target=""""_blank"""">View Portfolio</a>""
fck87VFtnrvWLd9UGUhAtqxWi9zBdoUi57gXgVPaic1,6,""Aurory, Genopets, Honeyland, Portals, Portals Chrono Rush, StepN"",""<a href=""""https://solscan.io/account/fck87VFtnrvWLd9UGUhAtqxWi9zBdoUi57gXgVPaic1"""" target=""""_blank"""">View Portfolio</a>""
Dhn556mKa1M33SqZTkbk1R8ueAMqY7ujHdYVKGfVVDDx,6,""Aurory, Honeyland, Nyan Heroes, Portals, Portals Chrono Rush, StepN"",""<a href=""""https://solscan.io/account/Dhn556mKa1M33SqZTkbk1R8ueAMqY7ujHdYVKGfVVDDx"""" target=""""_blank"""">View Portfolio</a>""
2unSZczqzCcXhvYTPHjHfJyUWyrtWVFeLXTqNsHUmBH1,6,""Aurory, Faraway, Genopets, MixMob, Nyan Heroes, StepN"",""<a href=""""https://solscan.io/account/2unSZczqzCcXhvYTPHjHfJyUWyrtWVFeLXTqNsHUmBH1"""" target=""""_blank"""">View Portfolio</a>""
5WZXKX9Sy37waFySjeSX7tSS55ZgZM3kFTrK55iPNovA,6,""Aurory, Faraway, Genopets, Portals, Portals Chrono Rush, StepN"",""<a href=""""https://solscan.io/account/5WZXKX9Sy37waFySjeSX7tSS55ZgZM3kFTrK55iPNovA"""" target=""""_blank"""">View Portfolio</a>""
4EueBnXhsnKXJFga1MJv9HaxMjoxJnNEqmLGoKs2z1Zw,6,""Aurory, Genopets, Honeyland, MixMob, Nyan Heroes, StepN"",""<a href=""""https://solscan.io/account/4EueBnXhsnKXJFga1MJv9HaxMjoxJnNEqmLGoKs2z1Zw"""" target=""""_blank"""">View Portfolio</a>""
B4RRE8DrRRLAH3d6CAqmSixLdcurwnic1h83rEYmSY4s,6,""Axie Rescue, Genopets, Honeyland, Portals, Portals Chrono Rush, StepN"",""<a href=""""https://solscan.io/account/B4RRE8DrRRLAH3d6CAqmSixLdcurwnic1h83rEYmSY4s"""" target=""""_blank"""">View Portfolio</a>""
J4rVHricbGyECaZC4ccr8u4vcXUxjK5cCHBbUY79pkNN,6,""Aurory, Honeyland, MixMob, Portals, Portals Chrono Rush, StepN"",""<a href=""""https://solscan.io/account/J4rVHricbGyECaZC4ccr8u4vcXUxjK5cCHBbUY79pkNN"""" target=""""_blank"""">View Portfolio</a>""
FvXfCMWiBEsVs69MtnWwAPtFJFyo3pnfrDarzMsWxG5o,6,""Aurory, Genopets, Honeyland, Portals, Portals Chrono Rush, StepN"",""<a href=""""https://solscan.io/account/FvXfCMWiBEsVs69MtnWwAPtFJFyo3pnfrDarzMsWxG5o"""" target=""""_blank"""">View Portfolio</a>""
JD38n7ynKYcgPpF7k1BhXEeREu1KqptU93fVGy3S624k,6,""Aurory, Honeyland, MixMob, Portals, Portals Chrono Rush, StepN"",""<a href=""""https://solscan.io/account/JD38n7ynKYcgPpF7k1BhXEeREu1KqptU93fVGy3S624k"""" target=""""_blank"""">View Portfolio</a>""
7zujqoQsFic14ncDYhBSVGvDnqc94rE49c1ZJCHvAtiW,6,""Aurory, Genopets, Honeyland, Portals, Portals Chrono Rush, StepN"",""<a href=""""https://solscan.io/account/7zujqoQsFic14ncDYhBSVGvDnqc94rE49c1ZJCHvAtiW"""" target=""""_blank"""">View Portfolio</a>""
AC5RDfQFmDS1deWZos921JfqscXdByf8BKHs5ACWjtW2,6,""Aurory, Genopets, MixMob, Nyan Heroes, Portals, StepN"",""<a href=""""https://solscan.io/account/AC5RDfQFmDS1deWZos921JfqscXdByf8BKHs5ACWjtW2"""" target=""""_blank"""">View Portfolio</a>""
CatyeC3LgBxub7HcpW2n7cZZZ66CUKdcZ8DzHucHrSiP,6,""Aurory, Genopets, Honeyland, Portals, Portals Chrono Rush, StepN"",""<a href=""""https://solscan.io/account/CatyeC3LgBxub7HcpW2n7cZZZ66CUKdcZ8DzHucHrSiP"""" target=""""_blank"""">View Portfolio</a>""
6eT6tdrCxKLb58B4imgeRJ2eSzYidjdxMrZKGHkNok9w,6,""Aurory, Honeyland, MixMob, Portals, Portals Chrono Rush, StepN"",""<a href=""""https://solscan.io/account/6eT6tdrCxKLb58B4imgeRJ2eSzYidjdxMrZKGHkNok9w"""" target=""""_blank"""">View Portfolio</a>""
6e7XGzo8diATPJa477XJ5ba3VXYzkDB2CLEXFQkdr8oE,6,""Faraway, Genopets, Honeyland, Nyan Heroes, StepN, ev.io"",""<a href=""""https://solscan.io/account/6e7XGzo8diATPJa477XJ5ba3VXYzkDB2CLEXFQkdr8oE"""" target=""""_blank"""">View Portfolio</a>""
49KGPGDXmu6sAsJvsTRaxzXop7sYMNPDheB78qLEib3W,6,""Aurory, Genopets, Honeyland, Portals, Portals Chrono Rush, StepN"",""<a href=""""https://solscan.io/account/49KGPGDXmu6sAsJvsTRaxzXop7sYMNPDheB78qLEib3W"""" target=""""_blank"""">View Portfolio</a>""
ARBmaNP4jJ1zBJPKupAD6ijLm8BpipxSWkM1pVxQTJeG,6,""Aurory, Honeyland, MixMob, Portals, Portals Chrono Rush, StepN"",""<a href=""""https://solscan.io/account/ARBmaNP4jJ1zBJPKupAD6ijLm8BpipxSWkM1pVxQTJeG"""" target=""""_blank"""">View Portfolio</a>""
AfQ1oaudsGjvznX4JNEw671hi57JfWo4CWqhtkdgoVHU,6,""Aurory, Axie Rescue, Honeyland, Portals, Portals Chrono Rush, StepN"",""<a href=""""https://solscan.io/account/AfQ1oaudsGjvznX4JNEw671hi57JfWo4CWqhtkdgoVHU"""" target=""""_blank"""">View Portfolio</a>""
BURNNeQ2zERsVhL6GgJR45CvGtwdxHeWBs4B5V4zRFgL,6,""Aurory, Genopets, MixMob, Portals, StepN, ev.io"",""<a href=""""https://solscan.io/account/BURNNeQ2zERsVhL6GgJR45CvGtwdxHeWBs4B5V4zRFgL"""" target=""""_blank"""">View Portfolio</a>""
TfWqYMSTapn3u5Za5eobFYVBRmgNpKkXvFkjs9Qnuqs,6,""Aurory, Axie Rescue, Honeyland, Portals, Portals Chrono Rush, StepN"",""<a href=""""https://solscan.io/account/TfWqYMSTapn3u5Za5eobFYVBRmgNpKkXvFkjs9Qnuqs"""" target=""""_blank"""">View Portfolio</a>""
KLeePHjXpUeJdyzB1fGueHs68ZiLAWaBeMWDKtbE5Ww,6,""Aurory, Honeyland, Nyan Heroes, Portals, Portals Chrono Rush, StepN"",""<a href=""""https://solscan.io/account/KLeePHjXpUeJdyzB1fGueHs68ZiLAWaBeMWDKtbE5Ww"""" target=""""_blank"""">View Portfolio</a>""
XoXoL2gjxbKWVNtg672gzQjRi268nTonPHr24qZJzNb,6,""Aurory, Genopets, Honeyland, Portals, Portals Chrono Rush, StepN"",""<a href=""""https://solscan.io/account/XoXoL2gjxbKWVNtg672gzQjRi268nTonPHr24qZJzNb"""" target=""""_blank"""">View Portfolio</a>""
JD25qVdtd65FoiXNmR89JjmoJdYk9sjYQeSTZAALFiMy,6,""Aurory, Honeyland, MixMob, Portals, Portals Chrono Rush, StepN"",""<a href=""""https://solscan.io/account/JD25qVdtd65FoiXNmR89JjmoJdYk9sjYQeSTZAALFiMy"""" target=""""_blank"""">View Portfolio</a>""
FATEorZGqsxg11TmJVRdX5WZ12bQpdS2Va9L7iHWzcHr,6,""Aurory, Genopets, Honeyland, Portals, Portals Chrono Rush, StepN"",""<a href=""""https://solscan.io/account/FATEorZGqsxg11TmJVRdX5WZ12bQpdS2Va9L7iHWzcHr"""" target=""""_blank"""">View Portfolio</a>""
2SvvSFgzM9zEE1Y1vNXorfurtB2eRH3QHpMkpcVTXfrc,6,""Aurory, Genopets, Honeyland, Portals, Portals Chrono Rush, StepN"",""<a href=""""https://solscan.io/account/2SvvSFgzM9zEE1Y1vNXorfurtB2eRH3QHpMkpcVTXfrc"""" target=""""_blank"""">View Portfolio</a>""
CRAB4EHXTDXechvDCXPV2tEi1nskdy7YPGPzR5JrrpPT,5,""Aurory, Honeyland, Portals, Portals Chrono Rush, StepN"",""<a href=""""https://solscan.io/account/CRAB4EHXTDXechvDCXPV2tEi1nskdy7YPGPzR5JrrpPT"""" target=""""_blank"""">View Portfolio</a>""
rLsi2DPwRLovHzLV5XYxa8B597bv8w8nX7fZHJJf8uy,5,""Aurory, Genopets, Honeyland, Nyan Heroes, StepN"",""<a href=""""https://solscan.io/account/rLsi2DPwRLovHzLV5XYxa8B597bv8w8nX7fZHJJf8uy"""" target=""""_blank"""">View Portfolio</a>""
F9CNKPKRS3FaMgQF4dq8nj5KF1FjTfCUFQvWnVr8ig9g,5,""Faraway, Honeyland, Portals, Portals Chrono Rush, StepN"",""<a href=""""https://solscan.io/account/F9CNKPKRS3FaMgQF4dq8nj5KF1FjTfCUFQvWnVr8ig9g"""" target=""""_blank"""">View Portfolio</a>""
HjEAohk9M8YqRCtjv6nUwD7ez3ESs8GrUYnZ7j2iGTpC,5,""Aurory, Genopets, MixMob, Nyan Heroes, StepN"",""<a href=""""https://solscan.io/account/HjEAohk9M8YqRCtjv6nUwD7ez3ESs8GrUYnZ7j2iGTpC"""" target=""""_blank"""">View Portfolio</a>""
Aaht75BTNLSaH6vVmCWA6rvZW27F2ozBcZ4Wd6SNSjgW,5,""Axie Rescue, Honeyland, Portals, Portals Chrono Rush, StepN"",""<a href=""""https://solscan.io/account/Aaht75BTNLSaH6vVmCWA6rvZW27F2ozBcZ4Wd6SNSjgW"""" target=""""_blank"""">View Portfolio</a>""
Bz9ETFkwC59TYq4FBsxZB4BaLqqGKc7EPMHdC9Fk3QDH,5,""Genopets, Honeyland, Portals, Portals Chrono Rush, StepN"",""<a href=""""https://solscan.io/account/Bz9ETFkwC59TYq4FBsxZB4BaLqqGKc7EPMHdC9Fk3QDH"""" target=""""_blank"""">View Portfolio</a>""
FvN6qW3X9eGLhm3Sv4x7kDTDqoCswFSy5jCrVH9Zd796,5,""Aurory, Genopets, Nyan Heroes, Portals, StepN"",""<a href=""""https://solscan.io/account/FvN6qW3X9eGLhm3Sv4x7kDTDqoCswFSy5jCrVH9Zd796"""" target=""""_blank"""">View Portfolio</a>""
kip312wW3Wh9TLMcU2xmu2eBSJp16JNLps6NwPLdrtq,5,""Aurory, Honeyland, Portals, Portals Chrono Rush, StepN"",""<a href=""""https://solscan.io/account/kip312wW3Wh9TLMcU2xmu2eBSJp16JNLps6NwPLdrtq"""" target=""""_blank"""">View Portfolio</a>""
BM8XcwCUMJC1mzMPM87ZRkHL3CWwWQNCz8Z3uTUSnsrB,5,""Aurory, Genopets, Honeyland, Portals, StepN"",""<a href=""""https://solscan.io/account/BM8XcwCUMJC1mzMPM87ZRkHL3CWwWQNCz8Z3uTUSnsrB"""" target=""""_blank"""">View Portfolio</a>""
82n79X5oGRMf1k6Mouew9Zuz9XtaQywYxbNU2jnnG8ib,5,""Aurory, Nyan Heroes, Portals, Portals Chrono Rush, StepN"",""<a href=""""https://solscan.io/account/82n79X5oGRMf1k6Mouew9Zuz9XtaQywYxbNU2jnnG8ib"""" target=""""_blank"""">View Portfolio</a>""
7mrkSxsh1aiCKJDPS5bh2y8oTnmb2QpVapJhxS3h55Ad,5,""Aurory, Faraway, MixMob, Portals, StepN"",""<a href=""""https://solscan.io/account/7mrkSxsh1aiCKJDPS5bh2y8oTnmb2QpVapJhxS3h55Ad"""" target=""""_blank"""">View Portfolio</a>""
UUAhspPgUdGuXUnokmxERH1VvNGNh1ouN3mfcbfV8yd,5,""Faraway, Honeyland, Portals, Portals Chrono Rush, StepN"",""<a href=""""https://solscan.io/account/UUAhspPgUdGuXUnokmxERH1VvNGNh1ouN3mfcbfV8yd"""" target=""""_blank"""">View Portfolio</a>""
2rbMgYvzAb3xDk6vXrzKkY3VwsmyDZsJTkvB3JJYsRzA,5,""Aurory, Honeyland, Portals, Portals Chrono Rush, StepN"",""<a href=""""https://solscan.io/account/2rbMgYvzAb3xDk6vXrzKkY3VwsmyDZsJTkvB3JJYsRzA"""" target=""""_blank"""">View Portfolio</a>""
HWoaBAnp7MLSgLSBkdoNkSFCJCANo8dyvmaYU9P5W5d9,5,""Honeyland, MixMob, Portals, Portals Chrono Rush, StepN"",""<a href=""""https://solscan.io/account/HWoaBAnp7MLSgLSBkdoNkSFCJCANo8dyvmaYU9P5W5d9"""" target=""""_blank"""">View Portfolio</a>""
ASTyfSima4LLAdDgoFGkgqoKowG1LZFDr9fAQrg7iaJZ,5,""Genopets, Honeyland, MixMob, Nyan Heroes, StepN"",""<a href=""""https://solscan.io/account/ASTyfSima4LLAdDgoFGkgqoKowG1LZFDr9fAQrg7iaJZ"""" target=""""_blank"""">View Portfolio</a>""
6w56SRhxWCtryzYAv92AVBdaE4oUzZzjXTEsFQ6eTKVN,5,""Genopets, Honeyland, Portals, Portals Chrono Rush, StepN"",""<a href=""""https://solscan.io/account/6w56SRhxWCtryzYAv92AVBdaE4oUzZzjXTEsFQ6eTKVN"""" target=""""_blank"""">View Portfolio</a>""
Jobs6q49fhgU6kRDKD4NsTZaBm13u28zC73UZkNqBZH,5,""Honeyland, MixMob, Portals, Portals Chrono Rush, StepN"",""<a href=""""https://solscan.io/account/Jobs6q49fhgU6kRDKD4NsTZaBm13u28zC73UZkNqBZH"""" target=""""_blank"""">View Portfolio</a>""
98jkCrZvpu24pa4W6U6ijTdKsKRz491FQZKrCoX1XjqH,5,""Aurory, Honeyland, Portals, Portals Chrono Rush, StepN"",""<a href=""""https://solscan.io/account/98jkCrZvpu24pa4W6U6ijTdKsKRz491FQZKrCoX1XjqH"""" target=""""_blank"""">View Portfolio</a>""
55NQkFDwwW8noThkL9Rd5ngbgUU36fYZeos1k5ZwjGdn,5,""Aurory, Honeyland, Portals, Portals Chrono Rush, StepN"",""<a href=""""https://solscan.io/account/55NQkFDwwW8noThkL9Rd5ngbgUU36fYZeos1k5ZwjGdn"""" target=""""_blank"""">View Portfolio</a>""
6FKxn8pXAy25S5quSjfj3FJ9fs9SPBaimHjkSKNtEWQi,5,""Aurory, Genopets, Honeyland, Nyan Heroes, StepN"",""<a href=""""https://solscan.io/account/6FKxn8pXAy25S5quSjfj3FJ9fs9SPBaimHjkSKNtEWQi"""" target=""""_blank"""">View Portfolio</a>""
5bzn97fLZkzfzreyoB8S4xgqeqYkmikb3McfmVNd3C3Q,5,""Aurory, Honeyland, Portals, Portals Chrono Rush, StepN"",""<a href=""""https://solscan.io/account/5bzn97fLZkzfzreyoB8S4xgqeqYkmikb3McfmVNd3C3Q"""" target=""""_blank"""">View Portfolio</a>""
GHigB15jr7wZ8GitjD4Hf5naqyUJfMbKa1n1PmSiBhUc,5,""Aurory, Honeyland, Portals, Portals Chrono Rush, StepN"",""<a href=""""https://solscan.io/account/GHigB15jr7wZ8GitjD4Hf5naqyUJfMbKa1n1PmSiBhUc"""" target=""""_blank"""">View Portfolio</a>""
ProCXqRcXJjoUd1RNoo28bSizAA6EEqt9wURZYPDc5u,5,""Faraway, Genopets, Honeyland, Portals, Portals Chrono Rush"",""<a href=""""https://solscan.io/account/ProCXqRcXJjoUd1RNoo28bSizAA6EEqt9wURZYPDc5u"""" target=""""_blank"""">View Portfolio</a>""
CRQd5wvbf6FKVmjHC7on8w4pzFPzudij2BKXRcMCu7aK,5,""Aurory, Honeyland, MixMob, Portals, StepN"",""<a href=""""https://solscan.io/account/CRQd5wvbf6FKVmjHC7on8w4pzFPzudij2BKXRcMCu7aK"""" target=""""_blank"""">View Portfolio</a>""
gtagyESa99t49VmUqnnfsuowYnigSNKuYXdXWyXWNdd,5,""Aurory, Honeyland, Portals, Portals Chrono Rush, StepN"",""<a href=""""https://solscan.io/account/gtagyESa99t49VmUqnnfsuowYnigSNKuYXdXWyXWNdd"""" target=""""_blank"""">View Portfolio</a>""
DreamZdNsmu5Qe7LHst8rF8PEpVbfNKFavngb6V2oRf,5,""Honeyland, MixMob, Portals, Portals Chrono Rush, StepN"",""<a href=""""https://solscan.io/account/DreamZdNsmu5Qe7LHst8rF8PEpVbfNKFavngb6V2oRf"""" target=""""_blank"""">View Portfolio</a>""
6RogbrW13c2MqdJBinNHGPucykeDPxbzYZGx1RuXTcyB,5,""Genopets, Honeyland, MixMob, Nyan Heroes, StepN"",""<a href=""""https://solscan.io/account/6RogbrW13c2MqdJBinNHGPucykeDPxbzYZGx1RuXTcyB"""" target=""""_blank"""">View Portfolio</a>""
HfuLevGqxUspm3uD2JDTyaMBnWh1kyspsVsV6naFWgEw,5,""Aurory, Genopets, MixMob, Nyan Heroes, StepN"",""<a href=""""https://solscan.io/account/HfuLevGqxUspm3uD2JDTyaMBnWh1kyspsVsV6naFWgEw"""" target=""""_blank"""">View Portfolio</a>""
73deVuYLUUU4ez3Z4LbX842oFL2jcpbTWWJke5nFuR7D,5,""Genopets, MixMob, Nyan Heroes, Portals, StepN"",""<a href=""""https://solscan.io/account/73deVuYLUUU4ez3Z4LbX842oFL2jcpbTWWJke5nFuR7D"""" target=""""_blank"""">View Portfolio</a>""
DuBgTkGvWpbrbY5rCqNTYtYQowFnZfC4ovk7VNzaxDtT,4,""Aurory, Honeyland, StepN, ev.io"",""<a href=""""https://solscan.io/account/DuBgTkGvWpbrbY5rCqNTYtYQowFnZfC4ovk7VNzaxDtT"""" target=""""_blank"""">View Portfolio</a>""
2QDp872YNQHxaGsiVUmuvEEUR3DGJLJzQHNqtmxS4JLm,4,""Honeyland, Portals, Portals Chrono Rush, StepN"",""<a href=""""https://solscan.io/account/2QDp872YNQHxaGsiVUmuvEEUR3DGJLJzQHNqtmxS4JLm"""" target=""""_blank"""">View Portfolio</a>""
EMieN7ZeEKnx6Dig7MDU4MnRtSfZNpi4KviSeZKku67o,4,""Genopets, Honeyland, Portals Chrono Rush, StepN"",""<a href=""""https://solscan.io/account/EMieN7ZeEKnx6Dig7MDU4MnRtSfZNpi4KviSeZKku67o"""" target=""""_blank"""">View Portfolio</a>""
E4VSFquazTV3PrSSKS7TMxuQxRCNBwk5ATVTSNhEUpgk,4,""Honeyland, Portals, Portals Chrono Rush, StepN"",""<a href=""""https://solscan.io/account/E4VSFquazTV3PrSSKS7TMxuQxRCNBwk5ATVTSNhEUpgk"""" target=""""_blank"""">View Portfolio</a>""
B4P4miyudoJTSpiuchDJs4HvxhSvyStni49LtEVoYVM,4,""Honeyland, Portals, Portals Chrono Rush, Star Atlas"",""<a href=""""https://solscan.io/account/B4P4miyudoJTSpiuchDJs4HvxhSvyStni49LtEVoYVM"""" target=""""_blank"""">View Portfolio</a>""
2F84N2vvtZi6z798gJTSgT5c7fBALnZzLZ9oZVcHUibU,4,""Honeyland, MixMob, Portals, StepN"",""<a href=""""https://solscan.io/account/2F84N2vvtZi6z798gJTSgT5c7fBALnZzLZ9oZVcHUibU"""" target=""""_blank"""">View Portfolio</a>""
5zf7uryG7jXMEnKvSM2WmmHcJu3Q2fXBpUjZkE7XC2Xr,4,""Honeyland, Portals, Portals Chrono Rush, StepN"",""<a href=""""https://solscan.io/account/5zf7uryG7jXMEnKvSM2WmmHcJu3Q2fXBpUjZkE7XC2Xr"""" target=""""_blank"""">View Portfolio</a>""
FDcMd2X6jtYJf2AkP5VmuFqw84rtKysnWYXEo2Kejxq5,4,""Aurory, Genopets, Honeyland, StepN"",""<a href=""""https://solscan.io/account/FDcMd2X6jtYJf2AkP5VmuFqw84rtKysnWYXEo2Kejxq5"""" target=""""_blank"""">View Portfolio</a>""
7vvo4zmUm64AYjCbMjY2pCemkAcnEQkNMGULJST3sZTs,4,""Honeyland, MixMob, Portals, Portals Chrono Rush"",""<a href=""""https://solscan.io/account/7vvo4zmUm64AYjCbMjY2pCemkAcnEQkNMGULJST3sZTs"""" target=""""_blank"""">View Portfolio</a>""
2tkoQQiQG3pvqtXipcPS43VNbLasWWp53qfMMz6xoYLC,4,""Honeyland, Portals, Portals Chrono Rush, StepN"",""<a href=""""https://solscan.io/account/2tkoQQiQG3pvqtXipcPS43VNbLasWWp53qfMMz6xoYLC"""" target=""""_blank"""">View Portfolio</a>""
FoJUejjDdQmiFdoWQMYzyQJcbjkut73qAuogdqoTJ2VA,4,""Genopets, Honeyland, Portals, StepN"",""<a href=""""https://solscan.io/account/FoJUejjDdQmiFdoWQMYzyQJcbjkut73qAuogdqoTJ2VA"""" target=""""_blank"""">View Portfolio</a>""
rm4cojNDeUfFQZBMVUSTuxFn15dpAmygaaqyaaWqbUC,4,""Faraway, Portals, Portals Chrono Rush, StepN"",""<a href=""""https://solscan.io/account/rm4cojNDeUfFQZBMVUSTuxFn15dpAmygaaqyaaWqbUC"""" target=""""_blank"""">View Portfolio</a>""
gasAx5Y917MYdmdnwiomwYDhmDKNGDJnN1MmEbxVdVw,4,""Aurory, Honeyland, Portals, StepN"",""<a href=""""https://solscan.io/account/gasAx5Y917MYdmdnwiomwYDhmDKNGDJnN1MmEbxVdVw"""" target=""""_blank"""">View Portfolio</a>""
DW7kDo3X1U1D36qnx3kobBG8PHAc7JKRntvoFo6EmYy,4,""Honeyland, Portals, Portals Chrono Rush, StepN"",""<a href=""""https://solscan.io/account/DW7kDo3X1U1D36qnx3kobBG8PHAc7JKRntvoFo6EmYy"""" target=""""_blank"""">View Portfolio</a>""
AQFZu89kfQRGtdw5rtjovRCBWHVPNe8ycLzcKNdMBowQ,4,""Aurory, Genopets, Honeyland, StepN"",""<a href=""""https://solscan.io/account/AQFZu89kfQRGtdw5rtjovRCBWHVPNe8ycLzcKNdMBowQ"""" target=""""_blank"""">View Portfolio</a>""
PNLCQcVCD26aC7ZWgRyr5ptfaR7bBrWdTFgRWwu2tvF,4,""Genopets, Honeyland, MixMob, StepN"",""<a href=""""https://solscan.io/account/PNLCQcVCD26aC7ZWgRyr5ptfaR7bBrWdTFgRWwu2tvF"""" target=""""_blank"""">View Portfolio</a>""
CE1ifv8mKCjQKEC7TcmR4m957uRNvwThcRFY3hnN939K,4,""Genopets, Honeyland, Portals, StepN"",""<a href=""""https://solscan.io/account/CE1ifv8mKCjQKEC7TcmR4m957uRNvwThcRFY3hnN939K"""" target=""""_blank"""">View Portfolio</a>""
GCvHhEUYQwTJ8jyf8Lc4bv8jBXyZU4LMMsZCobwEPzvM,4,""Aurory, Honeyland, Portals, StepN"",""<a href=""""https://solscan.io/account/GCvHhEUYQwTJ8jyf8Lc4bv8jBXyZU4LMMsZCobwEPzvM"""" target=""""_blank"""">View Portfolio</a>""
7Uu21Hxdt76M6JtYoyEEJZGUcRMbcnzKwXRYX4ShtB1B,4,""Genopets, MixMob, Portals, StepN"",""<a href=""""https://solscan.io/account/7Uu21Hxdt76M6JtYoyEEJZGUcRMbcnzKwXRYX4ShtB1B"""" target=""""_blank"""">View Portfolio</a>""
7Jt2b7qJuchUvoGqJdrmA6i3mb6dCVRhvNUf7Hd5oAyT,4,""Aurory, Honeyland, Portals, StepN"",""<a href=""""https://solscan.io/account/7Jt2b7qJuchUvoGqJdrmA6i3mb6dCVRhvNUf7Hd5oAyT"""" target=""""_blank"""">View Portfolio</a>""
FUNDduJTA7XcckKHKfAoEnnhuSud2JUCUZv6opWEjrBU,4,""Faraway, Honeyland, Portals, Portals Chrono Rush"",""<a href=""""https://solscan.io/account/FUNDduJTA7XcckKHKfAoEnnhuSud2JUCUZv6opWEjrBU"""" target=""""_blank"""">View Portfolio</a>""
moat5sFf2DwfL53x8WP8vZCMf5jP6W9k37G9Ex32nXH,4,""Honeyland, Portals, Portals Chrono Rush, StepN"",""<a href=""""https://solscan.io/account/moat5sFf2DwfL53x8WP8vZCMf5jP6W9k37G9Ex32nXH"""" target=""""_blank"""">View Portfolio</a>""
4K8zXYyPYVqTtnXe7bU3fThEUpwzgzP9ZB19MS4cWPvN,4,""Aurory, Honeyland, Portals, StepN"",""<a href=""""https://solscan.io/account/4K8zXYyPYVqTtnXe7bU3fThEUpwzgzP9ZB19MS4cWPvN"""" target=""""_blank"""">View Portfolio</a>""
atom2VuiFEhgGSggRokWuXfsZaS6mxHKwKUSFnECshJ,4,""Aurory, Honeyland, Portals, Portals Chrono Rush"",""<a href=""""https://solscan.io/account/atom2VuiFEhgGSggRokWuXfsZaS6mxHKwKUSFnECshJ"""" target=""""_blank"""">View Portfolio</a>""
225o8JR2Ezam5q1EBb5bKDS4KoqbFDxncYKGYtyhRmTQ,4,""Aurory, Honeyland, Portals, StepN"",""<a href=""""https://solscan.io/account/225o8JR2Ezam5q1EBb5bKDS4KoqbFDxncYKGYtyhRmTQ"""" target=""""_blank"""">View Portfolio</a>""
32ZX6RgT2xRGxDgESkhSwwk4rdfR4nUqfs5Z6jCQoXft,4,""Genopets, MixMob, Portals, StepN"",""<a href=""""https://solscan.io/account/32ZX6RgT2xRGxDgESkhSwwk4rdfR4nUqfs5Z6jCQoXft"""" target=""""_blank"""">View Portfolio</a>""
8gwGjUc65SgMqYwB3S2CMnP7bt7XwKeFXJotkZ7NBYFR,4,""Genopets, Honeyland, Portals, StepN"",""<a href=""""https://solscan.io/account/8gwGjUc65SgMqYwB3S2CMnP7bt7XwKeFXJotkZ7NBYFR"""" target=""""_blank"""">View Portfolio</a>""
yUwUyoufLrCmjcgURefVzvAfpcaZ2so6be4uDziT9aH,4,""Aurory, Genopets, Portals, StepN"",""<a href=""""https://solscan.io/account/yUwUyoufLrCmjcgURefVzvAfpcaZ2so6be4uDziT9aH"""" target=""""_blank"""">View Portfolio</a>""
8L2y55D11k63CAftvW7uMM2mBhtMxLoLnivG9uY2bt8j,4,""Honeyland, Portals, Portals Chrono Rush, StepN"",""<a href=""""https://solscan.io/account/8L2y55D11k63CAftvW7uMM2mBhtMxLoLnivG9uY2bt8j"""" target=""""_blank"""">View Portfolio</a>""
arb9FAg5n8u63sXrHSTxNrBBuGf4LnMMMDFFhzCXMXU,4,""Honeyland, Portals, Portals Chrono Rush, StepN"",""<a href=""""https://solscan.io/account/arb9FAg5n8u63sXrHSTxNrBBuGf4LnMMMDFFhzCXMXU"""" target=""""_blank"""">View Portfolio</a>""
5asKWJfxCYEGyC8Yocyi9KGVQyhi8rmTbzP72pgajUnF,4,""Faraway, Portals, Portals Chrono Rush, StepN"",""<a href=""""https://solscan.io/account/5asKWJfxCYEGyC8Yocyi9KGVQyhi8rmTbzP72pgajUnF"""" target=""""_blank"""">View Portfolio</a>""
CKBCxNxdsfZwTwKYHQmBs7J8zpPjCjMJAxcxoBUwExw6,4,""Aurory, Honeyland, Portals, StepN"",""<a href=""""https://solscan.io/account/CKBCxNxdsfZwTwKYHQmBs7J8zpPjCjMJAxcxoBUwExw6"""" target=""""_blank"""">View Portfolio</a>""
87ncsi58DTgmEWsA1yCMf23ZziKMQGcUx4jLY8fgbKDF,4,""Honeyland, Portals, Portals Chrono Rush, StepN"",""<a href=""""https://solscan.io/account/87ncsi58DTgmEWsA1yCMf23ZziKMQGcUx4jLY8fgbKDF"""" target=""""_blank"""">View Portfolio</a>""
HydraXoSz7oE3774DoWQQaofKb31Kbn2cbcqG4ShKy85,4,""Genopets, Honeyland, Nyan Heroes, StepN"",""<a href=""""https://solscan.io/account/HydraXoSz7oE3774DoWQQaofKb31Kbn2cbcqG4ShKy85"""" target=""""_blank"""">View Portfolio</a>""
AqouUrF8LtzDB1yeDQCaJxtrrzeUH4Gt26DmvQZ3DyjM,4,""Honeyland, Portals, Portals Chrono Rush, StepN"",""<a href=""""https://solscan.io/account/AqouUrF8LtzDB1yeDQCaJxtrrzeUH4Gt26DmvQZ3DyjM"""" target=""""_blank"""">View Portfolio</a>""
Fuz4rVwvFGZFvzU2cTLkXB9tSh4MVBGW59HxY4fdkHNZ,4,""Faraway, Honeyland, Portals, StepN"",""<a href=""""https://solscan.io/account/Fuz4rVwvFGZFvzU2cTLkXB9tSh4MVBGW59HxY4fdkHNZ"""" target=""""_blank"""">View Portfolio</a>""
3y5u6tGmYwoFpLgfRYcjxRLj6g4FYHfoG3Z3g4ChGas5,4,""Genopets, MixMob, Portals, StepN"",""<a href=""""https://solscan.io/account/3y5u6tGmYwoFpLgfRYcjxRLj6g4FYHfoG3Z3g4ChGas5"""" target=""""_blank"""">View Portfolio</a>""
APhyMCpYjQ9RdEBn8cs4ifyBXjxAS5JtM3wYpWMJjsY5,4,""Honeyland, Nyan Heroes, Portals, StepN"",""<a href=""""https://solscan.io/account/APhyMCpYjQ9RdEBn8cs4ifyBXjxAS5JtM3wYpWMJjsY5"""" target=""""_blank"""">View Portfolio</a>""
2snHHreXbpJ7UwZxPe37gnUNf7Wx7wv6UKDSR2JckKuS,4,""Aurory, Faraway, Portals, StepN"",""<a href=""""https://solscan.io/account/2snHHreXbpJ7UwZxPe37gnUNf7Wx7wv6UKDSR2JckKuS"""" target=""""_blank"""">View Portfolio</a>""
DhNUu2rwxnsmwaLrdh6p9GoYD1Uj8YyiukZbLA2H4juy,4,""Honeyland, Portals, Portals Chrono Rush, StepN"",""<a href=""""https://solscan.io/account/DhNUu2rwxnsmwaLrdh6p9GoYD1Uj8YyiukZbLA2H4juy"""" target=""""_blank"""">View Portfolio</a>""
DcVCufNML1VR7NSGdLFeFMXjkZ6yW8yZcepUisPCWCcc,4,""Aurory, Genopets, Honeyland, Portals"",""<a href=""""https://solscan.io/account/DcVCufNML1VR7NSGdLFeFMXjkZ6yW8yZcepUisPCWCcc"""" target=""""_blank"""">View Portfolio</a>""
DEFgdrspAcHf6j5nh4HBzdRTQqhxW8dymvH26vuuJizw,4,""Aurory, Genopets, MixMob, Portals"",""<a href=""""https://solscan.io/account/DEFgdrspAcHf6j5nh4HBzdRTQqhxW8dymvH26vuuJizw"""" target=""""_blank"""">View Portfolio</a>""
FEamjGGRuYDAC9tQUZXYUp8psf4Hi2qk6VHFWK2vacQ1,4,""Aurory, Honeyland, Portals, StepN"",""<a href=""""https://solscan.io/account/FEamjGGRuYDAC9tQUZXYUp8psf4Hi2qk6VHFWK2vacQ1"""" target=""""_blank"""">View Portfolio</a>""
4aPUYJZnSXYRg5qz5QAcY27ugzu5aReFQQXsyHMt6ZP1,4,""Genopets, Honeyland, Nyan Heroes, StepN"",""<a href=""""https://solscan.io/account/4aPUYJZnSXYRg5qz5QAcY27ugzu5aReFQQXsyHMt6ZP1"""" target=""""_blank"""">View Portfolio</a>""
22ZCa7ZGBF2hJBbHsTakpgbRzoFBzLGBLSA181C82rPK,4,""Aurory, Genopets, Nyan Heroes, StepN"",""<a href=""""https://solscan.io/account/22ZCa7ZGBF2hJBbHsTakpgbRzoFBzLGBLSA181C82rPK"""" target=""""_blank"""">View Portfolio</a>""
mriya4w5N64Erk6Ppd7snN7UubmvqGDRYNsAFngNAe4,4,""Aurory, MixMob, Portals, Portals Chrono Rush"",""<a href=""""https://solscan.io/account/mriya4w5N64Erk6Ppd7snN7UubmvqGDRYNsAFngNAe4"""" target=""""_blank"""">View Portfolio</a>""
NHtdVXcUuzULRJ3GkupLnZcxmUZ4rTP1u9kVkRzcash,4,""Honeyland, Portals, Portals Chrono Rush, StepN"",""<a href=""""https://solscan.io/account/NHtdVXcUuzULRJ3GkupLnZcxmUZ4rTP1u9kVkRzcash"""" target=""""_blank"""">View Portfolio</a>""
54Pz1e35z9uoFdnxtzjp7xZQoFiofqhdayQWBMN7dsuy,4,""Honeyland, MixMob, Portals, StepN"",""<a href=""""https://solscan.io/account/54Pz1e35z9uoFdnxtzjp7xZQoFiofqhdayQWBMN7dsuy"""" target=""""_blank"""">View Portfolio</a>""
Ayz6oHVbMJFdbxrewWNhWtX7372f2kZoRYABjmXvFoNv,4,""Genopets, Honeyland, Portals, StepN"",""<a href=""""https://solscan.io/account/Ayz6oHVbMJFdbxrewWNhWtX7372f2kZoRYABjmXvFoNv"""" target=""""_blank"""">View Portfolio</a>""
GhmvXCjg1T2RPqVGZB6XRn8PdiVEqsPp7nmYciMdVjoq,3,""Axie Rescue, Portals, Portals Chrono Rush"",""<a href=""""https://solscan.io/account/GhmvXCjg1T2RPqVGZB6XRn8PdiVEqsPp7nmYciMdVjoq"""" target=""""_blank"""">View Portfolio</a>""
DcwQQSycSLjWPobHXRc7BpxqgKRoHSJrdCMqWAkJBnhR,3,""Axie Rescue, Portals, Portals Chrono Rush"",""<a href=""""https://solscan.io/account/DcwQQSycSLjWPobHXRc7BpxqgKRoHSJrdCMqWAkJBnhR"""" target=""""_blank"""">View Portfolio</a>""
GfBYJd6wQCpGHnpXBxZYAHbka2gRYj5i9ncQWpHZSfoo,3,""Portals, Portals Chrono Rush, StepN"",""<a href=""""https://solscan.io/account/GfBYJd6wQCpGHnpXBxZYAHbka2gRYj5i9ncQWpHZSfoo"""" target=""""_blank"""">View Portfolio</a>""
4dFad2iz12VUWjzeBqSCTYJ8mqJ2gK82di4snMYReAoC,3,""Axie Rescue, Portals, Portals Chrono Rush"",""<a href=""""https://solscan.io/account/4dFad2iz12VUWjzeBqSCTYJ8mqJ2gK82di4snMYReAoC"""" target=""""_blank"""">View Portfolio</a>""
GQ7RaxT4Rmq71H6vY3RFa64c6iyyaDCUegQBKoctKM7w,3,""Axie Rescue, Portals, Portals Chrono Rush"",""<a href=""""https://solscan.io/account/GQ7RaxT4Rmq71H6vY3RFa64c6iyyaDCUegQBKoctKM7w"""" target=""""_blank"""">View Portfolio</a>""
HSp5VoSxXdM2ZGoQZip7BwNibdjGad6K2atwUBKt8sKi,3,""Aurory, Portals, Portals Chrono Rush"",""<a href=""""https://solscan.io/account/HSp5VoSxXdM2ZGoQZip7BwNibdjGad6K2atwUBKt8sKi"""" target=""""_blank"""">View Portfolio</a>""
38odGVix8xb17FDMvruGAWZVttVJ2wFoqBNy6h3Psqrc,3,""Portals, Portals Chrono Rush, Star Atlas"",""<a href=""""https://solscan.io/account/38odGVix8xb17FDMvruGAWZVttVJ2wFoqBNy6h3Psqrc"""" target=""""_blank"""">View Portfolio</a>""
9LGjXs2u3c9sVtaJDm22EzyhyzQoPjvaFJHs4LJWg9EB,3,""Aurory, Portals, StepN"",""<a href=""""https://solscan.io/account/9LGjXs2u3c9sVtaJDm22EzyhyzQoPjvaFJHs4LJWg9EB"""" target=""""_blank"""">View Portfolio</a>""
6t7dJtAyBmLr3aUzCVhTZVz4eg6JLbnu8qGZVrbheUFV,3,""Aurory, Genopets, Nyan Heroes"",""<a href=""""https://solscan.io/account/6t7dJtAyBmLr3aUzCVhTZVz4eg6JLbnu8qGZVrbheUFV"""" target=""""_blank"""">View Portfolio</a>""
DPSaVCZ7pgaFq5UBrv8UMvZPf9QeAtqRphiVqnwDMuMB,3,""Aurory, Honeyland, Star Atlas"",""<a href=""""https://solscan.io/account/DPSaVCZ7pgaFq5UBrv8UMvZPf9QeAtqRphiVqnwDMuMB"""" target=""""_blank"""">View Portfolio</a>""
Hkx63X6mf8t2fn96dUYGd9t6mfC2cKWAYWnLcza2aHE2,3,""Honeyland, Portals, StepN"",""<a href=""""https://solscan.io/account/Hkx63X6mf8t2fn96dUYGd9t6mfC2cKWAYWnLcza2aHE2"""" target=""""_blank"""">View Portfolio</a>""
9KnPHChRYaw4dmXUYujCbw8JRCAPhCXWZNwYtR8c1hAc,3,""Axie Rescue, Portals, Portals Chrono Rush"",""<a href=""""https://solscan.io/account/9KnPHChRYaw4dmXUYujCbw8JRCAPhCXWZNwYtR8c1hAc"""" target=""""_blank"""">View Portfolio</a>""
CseYiMwNNNitZgfSrY2aQgdiH3DczaAj6KpPyCCFYwyi,3,""Axie Rescue, Portals, Portals Chrono Rush"",""<a href=""""https://solscan.io/account/CseYiMwNNNitZgfSrY2aQgdiH3DczaAj6KpPyCCFYwyi"""" target=""""_blank"""">View Portfolio</a>""
A7FMMgue4aZmPLLoutVtbC7gJcyqkHybUieiaDg9aaVE,3,""Honeyland, Portals, Portals Chrono Rush"",""<a href=""""https://solscan.io/account/A7FMMgue4aZmPLLoutVtbC7gJcyqkHybUieiaDg9aaVE"""" target=""""_blank"""">View Portfolio</a>""
9Ycg7vSkaGGeUXt6RQwqoaoP98vbkEpekhfjvoAB9pXA,3,""Portals, Portals Chrono Rush, StepN"",""<a href=""""https://solscan.io/account/9Ycg7vSkaGGeUXt6RQwqoaoP98vbkEpekhfjvoAB9pXA"""" target=""""_blank"""">View Portfolio</a>""
5xxZYKgcbS5ngfq6DiSwb5YbVCD6BauN41gec2PhQ9jr,3,""Axie Rescue, Portals, Portals Chrono Rush"",""<a href=""""https://solscan.io/account/5xxZYKgcbS5ngfq6DiSwb5YbVCD6BauN41gec2PhQ9jr"""" target=""""_blank"""">View Portfolio</a>""
BULLzZGyaRQ6TPobekXgcwsWtSiZJxgG7JoQuXypJPuU,3,""Portals, Portals Chrono Rush, StepN"",""<a href=""""https://solscan.io/account/BULLzZGyaRQ6TPobekXgcwsWtSiZJxgG7JoQuXypJPuU"""" target=""""_blank"""">View Portfolio</a>""
6X9MaygAQJaBpEeVDo7PcmBpfNEwg5XsWJhM9CK5ZHRX,3,""Axie Rescue, Portals, Portals Chrono Rush"",""<a href=""""https://solscan.io/account/6X9MaygAQJaBpEeVDo7PcmBpfNEwg5XsWJhM9CK5ZHRX"""" target=""""_blank"""">View Portfolio</a>""
BKRu7LmcpstcYmYLc1T5RYAmuxgii3VPZwHDwdCxCJKD,3,""Aurory, Portals, StepN"",""<a href=""""https://solscan.io/account/BKRu7LmcpstcYmYLc1T5RYAmuxgii3VPZwHDwdCxCJKD"""" target=""""_blank"""">View Portfolio</a>""
7nDoPSTzca2Pe1iTpXqaN2wcmM1kAe4obdgXRj6pxGaa,3,""Aurory, Portals, StepN"",""<a href=""""https://solscan.io/account/7nDoPSTzca2Pe1iTpXqaN2wcmM1kAe4obdgXRj6pxGaa"""" target=""""_blank"""">View Portfolio</a>""
9YW887Qzy1fn5iB2TCJfQzSJ3p4BBuWHB3TQ6futF9nT,3,""Axie Rescue, Portals, Portals Chrono Rush"",""<a href=""""https://solscan.io/account/9YW887Qzy1fn5iB2TCJfQzSJ3p4BBuWHB3TQ6futF9nT"""" target=""""_blank"""">View Portfolio</a>""
4ywa3NKfWRX3jpMxWydiWzELuSbdDUhTV5QnoGexjV3e,3,""Genopets, Portals, Portals Chrono Rush"",""<a href=""""https://solscan.io/account/4ywa3NKfWRX3jpMxWydiWzELuSbdDUhTV5QnoGexjV3e"""" target=""""_blank"""">View Portfolio</a>""
44Cv2k5kFRzGQwBLEBc6aHHTwTvEReyeh4PHMH1cBgAe,3,""Axie Rescue, Portals, Portals Chrono Rush"",""<a href=""""https://solscan.io/account/44Cv2k5kFRzGQwBLEBc6aHHTwTvEReyeh4PHMH1cBgAe"""" target=""""_blank"""">View Portfolio</a>""
Ht1hoeKKrSyt1wPxgD7MiuUa8Xyzy54pSe5zAEvDbRm,3,""Honeyland, Portals, StepN"",""<a href=""""https://solscan.io/account/Ht1hoeKKrSyt1wPxgD7MiuUa8Xyzy54pSe5zAEvDbRm"""" target=""""_blank"""">View Portfolio</a>""
CKWXpDkudKoVDhhDJC7uRd5Ccb8eaBv2TWfTpLB539DC,3,""Portals, Portals Chrono Rush, StepN"",""<a href=""""https://solscan.io/account/CKWXpDkudKoVDhhDJC7uRd5Ccb8eaBv2TWfTpLB539DC"""" target=""""_blank"""">View Portfolio</a>""
CaUFwpPNsphVXjhDH5oz7ncd32XrZP16iZ8dx2a8cjox,3,""Aurory, Portals, ev.io"",""<a href=""""https://solscan.io/account/CaUFwpPNsphVXjhDH5oz7ncd32XrZP16iZ8dx2a8cjox"""" target=""""_blank"""">View Portfolio</a>""
4ConwBBA1YZ7ykdZxiLat2iDNautgNX8NKLPiddATQVM,3,""Portals, Portals Chrono Rush, StepN"",""<a href=""""https://solscan.io/account/4ConwBBA1YZ7ykdZxiLat2iDNautgNX8NKLPiddATQVM"""" target=""""_blank"""">View Portfolio</a>""
BYnMQLjjRtnzmJy16teWKCPVthGZZjDQzmET4L1JS5FP,3,""Genopets, Star Atlas, StepN"",""<a href=""""https://solscan.io/account/BYnMQLjjRtnzmJy16teWKCPVthGZZjDQzmET4L1JS5FP"""" target=""""_blank"""">View Portfolio</a>""
BdareEbpUSgaHVUbrkWRfPJ9sdTpUSqT1rYwarYad48f,3,""Genopets, Honeyland, StepN"",""<a href=""""https://solscan.io/account/BdareEbpUSgaHVUbrkWRfPJ9sdTpUSqT1rYwarYad48f"""" target=""""_blank"""">View Portfolio</a>""
co6nTZdZGStXZt7JfpEWrmYwjT62ehfUv12izh87z1E,3,""Axie Rescue, Portals, Portals Chrono Rush"",""<a href=""""https://solscan.io/account/co6nTZdZGStXZt7JfpEWrmYwjT62ehfUv12izh87z1E"""" target=""""_blank"""">View Portfolio</a>""
FrgYWGExiHefNRrR1HSGMc2yjBgTTMiyuUVhzQSguy1v,3,""Genopets, Portals, StepN"",""<a href=""""https://solscan.io/account/FrgYWGExiHefNRrR1HSGMc2yjBgTTMiyuUVhzQSguy1v"""" target=""""_blank"""">View Portfolio</a>""
8bRqmH7muuBJZzCUWXdCnVm62uTmQcBwysseNH7Gx9Rh,3,""Aurory, Portals, Portals Chrono Rush"",""<a href=""""https://solscan.io/account/8bRqmH7muuBJZzCUWXdCnVm62uTmQcBwysseNH7Gx9Rh"""" target=""""_blank"""">View Portfolio</a>""
FreeZRH1xDaark4YtXsdsqHi4bVuVjhx4JT1tvRFxD6a,3,""Aurory, Portals, StepN"",""<a href=""""https://solscan.io/account/FreeZRH1xDaark4YtXsdsqHi4bVuVjhx4JT1tvRFxD6a"""" target=""""_blank"""">View Portfolio</a>""
38MUG8yt8kZ64aqLmnx3mjzRp7ufepePo4cGBerz5tRY,3,""Portals, Portals Chrono Rush, StepN"",""<a href=""""https://solscan.io/account/38MUG8yt8kZ64aqLmnx3mjzRp7ufepePo4cGBerz5tRY"""" target=""""_blank"""">View Portfolio</a>""
FDHapcP1DDuZpv9dqdudwQuBCPYaT3WuQZZCW2vF3iDn,3,""Axie Rescue, Portals, Portals Chrono Rush"",""<a href=""""https://solscan.io/account/FDHapcP1DDuZpv9dqdudwQuBCPYaT3WuQZZCW2vF3iDn"""" target=""""_blank"""">View Portfolio</a>""
2CACCYAuRA8TZ7vM8MJQqNmchKc8LP7HpfGYXDsbSG4w,3,""Portals, Portals Chrono Rush, StepN"",""<a href=""""https://solscan.io/account/2CACCYAuRA8TZ7vM8MJQqNmchKc8LP7HpfGYXDsbSG4w"""" target=""""_blank"""">View Portfolio</a>""
85me7buGBR1Vvsvu3AydwHaKKpU3uVdfiJJSdKJ8HkSg,3,""Aurory, Honeyland, StepN"",""<a href=""""https://solscan.io/account/85me7buGBR1Vvsvu3AydwHaKKpU3uVdfiJJSdKJ8HkSg"""" target=""""_blank"""">View Portfolio</a>""
AQBuuNzcxnCUFHKFpqxY4iK3FpcoTyKTLgQfhNJ9rrXS,3,""Axie Rescue, Portals, Portals Chrono Rush"",""<a href=""""https://solscan.io/account/AQBuuNzcxnCUFHKFpqxY4iK3FpcoTyKTLgQfhNJ9rrXS"""" target=""""_blank"""">View Portfolio</a>""
3tt7QoFpWrS8df4Ev8CATh18u2kkNL9L76tv8nCQVLRy,3,""Portals, Portals Chrono Rush, StepN"",""<a href=""""https://solscan.io/account/3tt7QoFpWrS8df4Ev8CATh18u2kkNL9L76tv8nCQVLRy"""" target=""""_blank"""">View Portfolio</a>""
EftoJMtqxhGS3mCCpFc1GFbryyCpzKWmJ5q9pmERwUys,3,""Aurory, Genopets, Star Atlas"",""<a href=""""https://solscan.io/account/EftoJMtqxhGS3mCCpFc1GFbryyCpzKWmJ5q9pmERwUys"""" target=""""_blank"""">View Portfolio</a>""
81ekbLVRHRoKACgra6XS9dsbM1uGH21fZTWYPdWc2sob,3,""Axie Rescue, Portals, Portals Chrono Rush"",""<a href=""""https://solscan.io/account/81ekbLVRHRoKACgra6XS9dsbM1uGH21fZTWYPdWc2sob"""" target=""""_blank"""">View Portfolio</a>""
9MjruWb5UVnYPpZacsPN91ZzS5KJyVhG1JGoEd9kCHz5,3,""Genopets, Honeyland, StepN"",""<a href=""""https://solscan.io/account/9MjruWb5UVnYPpZacsPN91ZzS5KJyVhG1JGoEd9kCHz5"""" target=""""_blank"""">View Portfolio</a>""
EnxFkSMoJkEzYUkWHubEXYKw2y9HQVUEHGmXrMyQniKu,3,""Genopets, Portals, StepN"",""<a href=""""https://solscan.io/account/EnxFkSMoJkEzYUkWHubEXYKw2y9HQVUEHGmXrMyQniKu"""" target=""""_blank"""">View Portfolio</a>""
BvfiiiiDJzSnf65XJDxVL1dYDcc55AcS9aWB8aMQEZXZ,3,""Axie Rescue, Portals, StepN"",""<a href=""""https://solscan.io/account/BvfiiiiDJzSnf65XJDxVL1dYDcc55AcS9aWB8aMQEZXZ"""" target=""""_blank"""">View Portfolio</a>""
888SGnyhGzqQuuWDVL48tn7xJsAEV259mK9V4YEcUn6f,3,""Portals, Portals Chrono Rush, StepN"",""<a href=""""https://solscan.io/account/888SGnyhGzqQuuWDVL48tn7xJsAEV259mK9V4YEcUn6f"""" target=""""_blank"""">View Portfolio</a>""
3r9cZsdxnSvBbNAjbM46NK7WNeQpenre6Ed4FCrw3a4w,3,""Genopets, Honeyland, StepN"",""<a href=""""https://solscan.io/account/3r9cZsdxnSvBbNAjbM46NK7WNeQpenre6Ed4FCrw3a4w"""" target=""""_blank"""">View Portfolio</a>""
DD8RC84LW7C5Dd7bi7WD3RFzbFGRhNXDWphnQhx7JkUh,3,""Genopets, Honeyland, StepN"",""<a href=""""https://solscan.io/account/DD8RC84LW7C5Dd7bi7WD3RFzbFGRhNXDWphnQhx7JkUh"""" target=""""_blank"""">View Portfolio</a>""
DuKS1WL5pAFXaNmgwxa2D7A19vwkGv6SKzqjZNakSxmF,3,""Portals, Portals Chrono Rush, StepN"",""<a href=""""https://solscan.io/account/DuKS1WL5pAFXaNmgwxa2D7A19vwkGv6SKzqjZNakSxmF"""" target=""""_blank"""">View Portfolio</a>""
37Cxe8hDKF43DAnH6w3DQPaCcMhhbEgxsXut2RR7BfZL,3,""Genopets, Honeyland, StepN"",""<a href=""""https://solscan.io/account/37Cxe8hDKF43DAnH6w3DQPaCcMhhbEgxsXut2RR7BfZL"""" target=""""_blank"""">View Portfolio</a>""
GETXhKVttWSmHXafVJ9G8AhzoxsUAMnXjtZ382Gibqw,3,""Honeyland, MixMob, StepN"",""<a href=""""https://solscan.io/account/GETXhKVttWSmHXafVJ9G8AhzoxsUAMnXjtZ382Gibqw"""" target=""""_blank"""">View Portfolio</a>""
bangc1iPWdP4b6zNGf4yAsJm21KVH8sic71dFosH8AQ,3,""Honeyland, Portals Chrono Rush, StepN"",""<a href=""""https://solscan.io/account/bangc1iPWdP4b6zNGf4yAsJm21KVH8sic71dFosH8AQ"""" target=""""_blank"""">View Portfolio</a>""
34FKjAdVcTax2DHqV2XnbXa9J3zmyKcFuFKWbcmgxjgm,3,""Genopets, Honeyland, StepN"",""<a href=""""https://solscan.io/account/34FKjAdVcTax2DHqV2XnbXa9J3zmyKcFuFKWbcmgxjgm"""" target=""""_blank"""">View Portfolio</a>""
5Q2bVYuztfZYK5co7K5h3NjzkpT5YdVfr48fdxh3yKh2,3,""Axie Rescue, Portals, Portals Chrono Rush"",""<a href=""""https://solscan.io/account/5Q2bVYuztfZYK5co7K5h3NjzkpT5YdVfr48fdxh3yKh2"""" target=""""_blank"""">View Portfolio</a>""
8obQHbzrzSmU2vZHFeHZ4of4Px3q1q1XNGaC8XMPvsvK,3,""Aurory, Portals, StepN"",""<a href=""""https://solscan.io/account/8obQHbzrzSmU2vZHFeHZ4of4Px3q1q1XNGaC8XMPvsvK"""" target=""""_blank"""">View Portfolio</a>""
4TKL8sp9diALGQ66q1Sohttw3evHCd3y2D4Udw4Fd3PF,3,""Aurory, Honeyland, StepN"",""<a href=""""https://solscan.io/account/4TKL8sp9diALGQ66q1Sohttw3evHCd3y2D4Udw4Fd3PF"""" target=""""_blank"""">View Portfolio</a>""
2RZjUoq3QDWRySqrwvZXbhMGWEH7V2Qj7HSJw2VkR98a,3,""Axie Rescue, Portals, Portals Chrono Rush"",""<a href=""""https://solscan.io/account/2RZjUoq3QDWRySqrwvZXbhMGWEH7V2Qj7HSJw2VkR98a"""" target=""""_blank"""">View Portfolio</a>""
Dj3aPcCnJyZ9ytzaX8BqaUpDLK4kJbmwuW1eWuHLL2Ap,3,""Axie Rescue, Portals, Portals Chrono Rush"",""<a href=""""https://solscan.io/account/Dj3aPcCnJyZ9ytzaX8BqaUpDLK4kJbmwuW1eWuHLL2Ap"""" target=""""_blank"""">View Portfolio</a>""
CTBVuYSn2QSHRdg6V5rgjBVZYwo2qWJrJjawazv4DTYP,3,""Genopets, Portals, StepN"",""<a href=""""https://solscan.io/account/CTBVuYSn2QSHRdg6V5rgjBVZYwo2qWJrJjawazv4DTYP"""" target=""""_blank"""">View Portfolio</a>""
57ksuWYrkEnrUDfisoPYw6Wb1hmsjFBYSwv9HULex1yj,3,""Genopets, MixMob, StepN"",""<a href=""""https://solscan.io/account/57ksuWYrkEnrUDfisoPYw6Wb1hmsjFBYSwv9HULex1yj"""" target=""""_blank"""">View Portfolio</a>""
5Tpc5abuFLAXmyNBR2WLNpgkMKKynbsvNexLCaJDkVzq,3,""Axie Rescue, Portals, Portals Chrono Rush"",""<a href=""""https://solscan.io/account/5Tpc5abuFLAXmyNBR2WLNpgkMKKynbsvNexLCaJDkVzq"""" target=""""_blank"""">View Portfolio</a>""
AdJrWRrRvzmNuNm2JRotDt7RBLi5aBPpRMN6eML5Zsz3,3,""Axie Rescue, Portals, Portals Chrono Rush"",""<a href=""""https://solscan.io/account/AdJrWRrRvzmNuNm2JRotDt7RBLi5aBPpRMN6eML5Zsz3"""" target=""""_blank"""">View Portfolio</a>""
3oTCX3CDeSFiMhn5VCZuDhmRBeg7f2fxrfC96NKHmaDW,3,""Axie Rescue, Portals, Portals Chrono Rush"",""<a href=""""https://solscan.io/account/3oTCX3CDeSFiMhn5VCZuDhmRBeg7f2fxrfC96NKHmaDW"""" target=""""_blank"""">View Portfolio</a>""
4nisCavp8qLrVN5R9Jnrmu2Tix2NpWkLg73jCe61MGMQ,3,""Honeyland, Portals, StepN"",""<a href=""""https://solscan.io/account/4nisCavp8qLrVN5R9Jnrmu2Tix2NpWkLg73jCe61MGMQ"""" target=""""_blank"""">View Portfolio</a>""
64RmCSpKjBpxJJSEQMhfesNqJsZphLTVejT9bLVV38bF,3,""Axie Rescue, Portals, Portals Chrono Rush"",""<a href=""""https://solscan.io/account/64RmCSpKjBpxJJSEQMhfesNqJsZphLTVejT9bLVV38bF"""" target=""""_blank"""">View Portfolio</a>""
8KHn8k32uaWAejPQmqFRhoLBz5ST829Akhyipiq2Yx4n,3,""Honeyland, Portals, StepN"",""<a href=""""https://solscan.io/account/8KHn8k32uaWAejPQmqFRhoLBz5ST829Akhyipiq2Yx4n"""" target=""""_blank"""">View Portfolio</a>""
CfsbuMYm6fYT7CpVHP2WfDWuAEfzwNg6U8TXUZGHprUX,3,""Honeyland, Portals, StepN"",""<a href=""""https://solscan.io/account/CfsbuMYm6fYT7CpVHP2WfDWuAEfzwNg6U8TXUZGHprUX"""" target=""""_blank"""">View Portfolio</a>""
7mAAQe9yZ47p6pJ75fpMck6BQTEguK4parhSPQ16ckXC,3,""Genopets, Honeyland, StepN"",""<a href=""""https://solscan.io/account/7mAAQe9yZ47p6pJ75fpMck6BQTEguK4parhSPQ16ckXC"""" target=""""_blank"""">View Portfolio</a>""
ApPWB8PMsQ48uZtVSZCAnf96zrGYirG4kt3BNgFFor8H,3,""Honeyland, MixMob, Portals"",""<a href=""""https://solscan.io/account/ApPWB8PMsQ48uZtVSZCAnf96zrGYirG4kt3BNgFFor8H"""" target=""""_blank"""">View Portfolio</a>""
C5Lj9Mg9hkNhNRkpNqczQQmLBpf1sX5ybUEuJ6Pkv3m,3,""Portals, Portals Chrono Rush, StepN"",""<a href=""""https://solscan.io/account/C5Lj9Mg9hkNhNRkpNqczQQmLBpf1sX5ybUEuJ6Pkv3m"""" target=""""_blank"""">View Portfolio</a>""
CmaSa4dzwrLJZx7Myqs6eTWSiZgzkmh2ys5XBuDtCtRh,3,""Genopets, Portals, Portals Chrono Rush"",""<a href=""""https://solscan.io/account/CmaSa4dzwrLJZx7Myqs6eTWSiZgzkmh2ys5XBuDtCtRh"""" target=""""_blank"""">View Portfolio</a>""
C18p9a1okpMXhKCGbZgLXkg8f28J9mSGVbiD73PHGSEs,3,""Portals, Portals Chrono Rush, StepN"",""<a href=""""https://solscan.io/account/C18p9a1okpMXhKCGbZgLXkg8f28J9mSGVbiD73PHGSEs"""" target=""""_blank"""">View Portfolio</a>""
FrDv58jnAoj268KXeUUvGXWaASUoY4wBQPssT5isqU7G,3,""Genopets, Honeyland, Nyan Heroes"",""<a href=""""https://solscan.io/account/FrDv58jnAoj268KXeUUvGXWaASUoY4wBQPssT5isqU7G"""" target=""""_blank"""">View Portfolio</a>""
fsxGWe5pg1yMNKwadXuzdhtJSL84sGUisCVtuUtnsH4,3,""Axie Rescue, Portals, Portals Chrono Rush"",""<a href=""""https://solscan.io/account/fsxGWe5pg1yMNKwadXuzdhtJSL84sGUisCVtuUtnsH4"""" target=""""_blank"""">View Portfolio</a>""
9vU6u3acQLZ6mwdafMmHak3621bZrezsDeSGx44CTYXU,3,""Honeyland, Portals, StepN"",""<a href=""""https://solscan.io/account/9vU6u3acQLZ6mwdafMmHak3621bZrezsDeSGx44CTYXU"""" target=""""_blank"""">View Portfolio</a>""
C5CFA1F8VdnNz1kcNhAmCaJVugLDVS1V7MfQ3Qmy6yFc,3,""Genopets, MixMob, StepN"",""<a href=""""https://solscan.io/account/C5CFA1F8VdnNz1kcNhAmCaJVugLDVS1V7MfQ3Qmy6yFc"""" target=""""_blank"""">View Portfolio</a>""
HAWK3BVnwptKRFYfVoVGhBc2TYxpyG9jmAbkHeW9tyKE,3,""Genopets, Portals, StepN"",""<a href=""""https://solscan.io/account/HAWK3BVnwptKRFYfVoVGhBc2TYxpyG9jmAbkHeW9tyKE"""" target=""""_blank"""">View Portfolio</a>""
HVHZqiEnpg6qsKpEH8tUiaPY4Y5dm5mFRSr7BS8pq2vj,3,""Aurory, Genopets, Star Atlas"",""<a href=""""https://solscan.io/account/HVHZqiEnpg6qsKpEH8tUiaPY4Y5dm5mFRSr7BS8pq2vj"""" target=""""_blank"""">View Portfolio</a>""
KeK1AaV7d8gLAwNR8GHPVWzGp62Sd6dVXrv1oPRdL46,3,""Portals, Portals Chrono Rush, StepN"",""<a href=""""https://solscan.io/account/KeK1AaV7d8gLAwNR8GHPVWzGp62Sd6dVXrv1oPRdL46"""" target=""""_blank"""">View Portfolio</a>""
CgANddXc7FKSsdLSdFv67X8faZqQaRTeLMXkAVANkZD4,3,""Honeyland, Portals, StepN"",""<a href=""""https://solscan.io/account/CgANddXc7FKSsdLSdFv67X8faZqQaRTeLMXkAVANkZD4"""" target=""""_blank"""">View Portfolio</a>""
ED3cxfPxAhf76ocZJ87p2fQagpQHQieZ63Vy1E4JnPU,3,""Portals, Portals Chrono Rush, StepN"",""<a href=""""https://solscan.io/account/ED3cxfPxAhf76ocZJ87p2fQagpQHQieZ63Vy1E4JnPU"""" target=""""_blank"""">View Portfolio</a>""
H2f1Cb3VJSV5Mz4nbciyGQeuKZYvWvRjP8FzdrgAAe3D,3,""Aurory, Genopets, Honeyland"",""<a href=""""https://solscan.io/account/H2f1Cb3VJSV5Mz4nbciyGQeuKZYvWvRjP8FzdrgAAe3D"""" target=""""_blank"""">View Portfolio</a>""
BJcxXxr2mSr71SVJaqvHHmdxHUrYRvC4sct1wMNZxirK,3,""Aurory, Genopets, StepN"",""<a href=""""https://solscan.io/account/BJcxXxr2mSr71SVJaqvHHmdxHUrYRvC4sct1wMNZxirK"""" target=""""_blank"""">View Portfolio</a>""
s1owYSQoe8ADk1LNneqKU6BrVt5PHvrwmXyjuAaZBYZ,3,""Aurory, Genopets, StepN"",""<a href=""""https://solscan.io/account/s1owYSQoe8ADk1LNneqKU6BrVt5PHvrwmXyjuAaZBYZ"""" target=""""_blank"""">View Portfolio</a>""
4oNzJ23UBrUF1Xd46UwMmpkTsEEntJnWSuNZ5LPLqizG,3,""Axie Rescue, Portals, Portals Chrono Rush"",""<a href=""""https://solscan.io/account/4oNzJ23UBrUF1Xd46UwMmpkTsEEntJnWSuNZ5LPLqizG"""" target=""""_blank"""">View Portfolio</a>""
777vevJt97Vb5PRdyDBxg489o9ZLKsEKnj8KasG4jrhE,3,""Portals, Portals Chrono Rush, StepN"",""<a href=""""https://solscan.io/account/777vevJt97Vb5PRdyDBxg489o9ZLKsEKnj8KasG4jrhE"""" target=""""_blank"""">View Portfolio</a>""
3i51cKbLbaKAqvRJdCUaq9hsnvf9kqCfMujNgFj7nRKt,3,""Honeyland, Portals, StepN"",""<a href=""""https://solscan.io/account/3i51cKbLbaKAqvRJdCUaq9hsnvf9kqCfMujNgFj7nRKt"""" target=""""_blank"""">View Portfolio</a>""
74Xfbfxjr1zHNfLQ1BRrATL2mAYiyLxCRKcmDusN4Py4,3,""Honeyland, MixMob, Portals"",""<a href=""""https://solscan.io/account/74Xfbfxjr1zHNfLQ1BRrATL2mAYiyLxCRKcmDusN4Py4"""" target=""""_blank"""">View Portfolio</a>""
oA8DoEKiPcigRVpcDydvxqmWzCNnoMZhBDPFZJbFY3z,3,""Honeyland, Portals Chrono Rush, StepN"",""<a href=""""https://solscan.io/account/oA8DoEKiPcigRVpcDydvxqmWzCNnoMZhBDPFZJbFY3z"""" target=""""_blank"""">View Portfolio</a>""
3rnVJzSEcV1wnStkX15qS5pX43U4ENHv2me6LwEjp9bc,3,""Axie Rescue, Honeyland, StepN"",""<a href=""""https://solscan.io/account/3rnVJzSEcV1wnStkX15qS5pX43U4ENHv2me6LwEjp9bc"""" target=""""_blank"""">View Portfolio</a>""
HbddEhXCzUJQpPjN9dECXZB4wUVgrq3DiAYUVzFChS56,3,""Axie Rescue, Portals, Portals Chrono Rush"",""<a href=""""https://solscan.io/account/HbddEhXCzUJQpPjN9dECXZB4wUVgrq3DiAYUVzFChS56"""" target=""""_blank"""">View Portfolio</a>""
5BnwnUNpdeEP4pPWZT2VZdboDd4yT5knceomMknwefCV,3,""Portals, Portals Chrono Rush, Star Atlas"",""<a href=""""https://solscan.io/account/5BnwnUNpdeEP4pPWZT2VZdboDd4yT5knceomMknwefCV"""" target=""""_blank"""">View Portfolio</a>""
79jqpEudaP3PimtBGbU4YESUk4yoFAjPErSmNSLyx3S7,3,""Genopets, Portals, Portals Chrono Rush"",""<a href=""""https://solscan.io/account/79jqpEudaP3PimtBGbU4YESUk4yoFAjPErSmNSLyx3S7"""" target=""""_blank"""">View Portfolio</a>""
8duadjKNBP7voabztVQEX3UDye78v8k5nMoRm2WMbuKZ,3,""Axie Rescue, Honeyland, Portals"",""<a href=""""https://solscan.io/account/8duadjKNBP7voabztVQEX3UDye78v8k5nMoRm2WMbuKZ"""" target=""""_blank"""">View Portfolio</a>""
ATxtZJ6XYSi28bGN7KrnavFMjD6RVRVFKoHRBAypr1o6,3,""Genopets, Honeyland, Portals"",""<a href=""""https://solscan.io/account/ATxtZJ6XYSi28bGN7KrnavFMjD6RVRVFKoHRBAypr1o6"""" target=""""_blank"""">View Portfolio</a>""
64pG2mciDsPM2Smt5V7KPE9iZABpRgrPjUpW6fvyNFFB,3,""Honeyland, Portals, StepN"",""<a href=""""https://solscan.io/account/64pG2mciDsPM2Smt5V7KPE9iZABpRgrPjUpW6fvyNFFB"""" target=""""_blank"""">View Portfolio</a>""
585f7iVa8JR2TVu3dPgDEQbMNxbcvfRMESyuN5z9Jzqz,3,""Aurory, Genopets, Honeyland"",""<a href=""""https://solscan.io/account/585f7iVa8JR2TVu3dPgDEQbMNxbcvfRMESyuN5z9Jzqz"""" target=""""_blank"""">View Portfolio</a>""
Am74swiBScPpaqN7hXNzQWs1QEun15KhRoryTV8wZTzb,3,""Genopets, Nyan Heroes, StepN"",""<a href=""""https://solscan.io/account/Am74swiBScPpaqN7hXNzQWs1QEun15KhRoryTV8wZTzb"""" target=""""_blank"""">View Portfolio</a>""
35ceXMitfUkdzqq8BpM8obrv4tCHJRvTVEqSAG8pV2Nn,3,""Portals, Portals Chrono Rush, StepN"",""<a href=""""https://solscan.io/account/35ceXMitfUkdzqq8BpM8obrv4tCHJRvTVEqSAG8pV2Nn"""" target=""""_blank"""">View Portfolio</a>""
29AVjx6mT4djQw1i9QM5sjatAzuT1CYwcXYXc8KfMDP4,3,""Axie Rescue, Portals, Portals Chrono Rush"",""<a href=""""https://solscan.io/account/29AVjx6mT4djQw1i9QM5sjatAzuT1CYwcXYXc8KfMDP4"""" target=""""_blank"""">View Portfolio</a>""
HvLq5uUP8Kf7bqfDt53X7Qn89bQSuzCDHUWrwUQVoDJ3,3,""Portals, Portals Chrono Rush, StepN"",""<a href=""""https://solscan.io/account/HvLq5uUP8Kf7bqfDt53X7Qn89bQSuzCDHUWrwUQVoDJ3"""" target=""""_blank"""">View Portfolio</a>""
743zCZ3wEvY51LpmoxnegwWoAUrEetFBxfTELT8yssyk,3,""Aurory, Honeyland, StepN"",""<a href=""""https://solscan.io/account/743zCZ3wEvY51LpmoxnegwWoAUrEetFBxfTELT8yssyk"""" target=""""_blank"""">View Portfolio</a>""
CdmZM2ytSNYBtF7ovY7iV96KV1Xc6dEvtQAPvw1X1a8L,3,""Axie Rescue, Portals, Portals Chrono Rush"",""<a href=""""https://solscan.io/account/CdmZM2ytSNYBtF7ovY7iV96KV1Xc6dEvtQAPvw1X1a8L"""" target=""""_blank"""">View Portfolio</a>""
ERAncGQCC4Y2RR9Mpnj9jdUUvAemczZj6YUq6XPpAtBc,3,""Honeyland, MixMob, StepN"",""<a href=""""https://solscan.io/account/ERAncGQCC4Y2RR9Mpnj9jdUUvAemczZj6YUq6XPpAtBc"""" target=""""_blank"""">View Portfolio</a>""
9HbMRRrwHM3Uy8TRiuPQDy8CoX4bwiT2isri82HUvGjp,3,""Genopets, MixMob, StepN"",""<a href=""""https://solscan.io/account/9HbMRRrwHM3Uy8TRiuPQDy8CoX4bwiT2isri82HUvGjp"""" target=""""_blank"""">View Portfolio</a>""
8rBWyJuDPTVPcM39YEXH3tx1FpANjF83xdEaz47n9Jpp,3,""Axie Rescue, Portals, Star Atlas"",""<a href=""""https://solscan.io/account/8rBWyJuDPTVPcM39YEXH3tx1FpANjF83xdEaz47n9Jpp"""" target=""""_blank"""">View Portfolio</a>""
4xnaeXerLKCcDHVQEkuEeiQKHouXNGwYEMmPM7Rjm4S7,3,""Axie Rescue, Portals, Portals Chrono Rush"",""<a href=""""https://solscan.io/account/4xnaeXerLKCcDHVQEkuEeiQKHouXNGwYEMmPM7Rjm4S7"""" target=""""_blank"""">View Portfolio</a>""
4yykECCizkpmZJ8X6druTJjDwQQJjZL7YREZ84orqbcp,3,""Aurory, Honeyland, MixMob"",""<a href=""""https://solscan.io/account/4yykECCizkpmZJ8X6druTJjDwQQJjZL7YREZ84orqbcp"""" target=""""_blank"""">View Portfolio</a>""
DTZpHij1CbqunnmApKy24R1ZgxX9xDq3HLwJPAXTRSvT,3,""Axie Rescue, Portals, Portals Chrono Rush"",""<a href=""""https://solscan.io/account/DTZpHij1CbqunnmApKy24R1ZgxX9xDq3HLwJPAXTRSvT"""" target=""""_blank"""">View Portfolio</a>""
7rtiKSUDLBm59b1SBmD9oajcP8xE64vAGSMbAN5CXy1q,3,""Portals, StepN, ev.io"",""<a href=""""https://solscan.io/account/7rtiKSUDLBm59b1SBmD9oajcP8xE64vAGSMbAN5CXy1q"""" target=""""_blank"""">View Portfolio</a>""
DBmae92YTQKLsNzXcPscxiwPqMcz9stQr2prB5ZCAHPd,3,""Aurory, Portals, StepN"",""<a href=""""https://solscan.io/account/DBmae92YTQKLsNzXcPscxiwPqMcz9stQr2prB5ZCAHPd"""" target=""""_blank"""">View Portfolio</a>""
wK9c3ZKmpyDF1g7U26pfEvPGgR1hXToYqhkwmDua3hB,3,""Honeyland, Portals, Portals Chrono Rush"",""<a href=""""https://solscan.io/account/wK9c3ZKmpyDF1g7U26pfEvPGgR1hXToYqhkwmDua3hB"""" target=""""_blank"""">View Portfolio</a>""
881aYh2GggzDUuDtr1Ez4VREKZHvxEWnVQyCJhjjRnBh,3,""Axie Rescue, Portals, Portals Chrono Rush"",""<a href=""""https://solscan.io/account/881aYh2GggzDUuDtr1Ez4VREKZHvxEWnVQyCJhjjRnBh"""" target=""""_blank"""">View Portfolio</a>""
DJLCtcnDikymPuGM111yvnSivgZZZYkiFRp3nrbqt3Wo,3,""Aurory, Honeyland, MixMob"",""<a href=""""https://solscan.io/account/DJLCtcnDikymPuGM111yvnSivgZZZYkiFRp3nrbqt3Wo"""" target=""""_blank"""">View Portfolio</a>""
5fPeiibACJDbQ2JZJNc7HMKHXvtC6KrnVJR61aANJPCN,3,""Portals, Portals Chrono Rush, StepN"",""<a href=""""https://solscan.io/account/5fPeiibACJDbQ2JZJNc7HMKHXvtC6KrnVJR61aANJPCN"""" target=""""_blank"""">View Portfolio</a>""
DJocqRPK2uKWvmR5WnWcd7m8fDw6az1L54R4UuH3GrGN,3,""Honeyland, StepN, ev.io"",""<a href=""""https://solscan.io/account/DJocqRPK2uKWvmR5WnWcd7m8fDw6az1L54R4UuH3GrGN"""" target=""""_blank"""">View Portfolio</a>""
J4xy2t4HqdwzMNtpP8szqjAvai8Db1jVCZJBK8H7UzzS,3,""Genopets, Star Atlas, StepN"",""<a href=""""https://solscan.io/account/J4xy2t4HqdwzMNtpP8szqjAvai8Db1jVCZJBK8H7UzzS"""" target=""""_blank"""">View Portfolio</a>""
EVPaJBDbnnKVm6rTMuofPsngA6kcz5JBH9r2FWY3Z5FM,3,""Axie Rescue, Portals, Portals Chrono Rush"",""<a href=""""https://solscan.io/account/EVPaJBDbnnKVm6rTMuofPsngA6kcz5JBH9r2FWY3Z5FM"""" target=""""_blank"""">View Portfolio</a>""
BEochrdGhm5pcKVF73DURYrGo1DLzxq6bBcUBphQR64d,3,""Honeyland, Portals, StepN"",""<a href=""""https://solscan.io/account/BEochrdGhm5pcKVF73DURYrGo1DLzxq6bBcUBphQR64d"""" target=""""_blank"""">View Portfolio</a>""
6mgQEWZ3w5WD7t8TVwtuf42h9trNGw5KGthMBzvVK2PU,3,""Genopets, MixMob, StepN"",""<a href=""""https://solscan.io/account/6mgQEWZ3w5WD7t8TVwtuf42h9trNGw5KGthMBzvVK2PU"""" target=""""_blank"""">View Portfolio</a>""
AMLZERQbv9bkYNwFK1HWQTL3oQXxnRqYuV5G79vT5GSE,3,""Genopets, Nyan Heroes, StepN"",""<a href=""""https://solscan.io/account/AMLZERQbv9bkYNwFK1HWQTL3oQXxnRqYuV5G79vT5GSE"""" target=""""_blank"""">View Portfolio</a>""
J1b1UwhRLudPjNZs43QiaBKa64FGHsYmDGibEq74tsgS,3,""Aurory, Genopets, Nyan Heroes"",""<a href=""""https://solscan.io/account/J1b1UwhRLudPjNZs43QiaBKa64FGHsYmDGibEq74tsgS"""" target=""""_blank"""">View Portfolio</a>""
BEkXNk1jAYJqDyRFvXTFZPs9wE4fQ1BVwSpSVzZ2ghY8,3,""Axie Rescue, Portals, Star Atlas"",""<a href=""""https://solscan.io/account/BEkXNk1jAYJqDyRFvXTFZPs9wE4fQ1BVwSpSVzZ2ghY8"""" target=""""_blank"""">View Portfolio</a>""
A77HErqtfN1hLLpvZ9pCtu66FEtM8BveoaKbbMoZ4RiR,3,""Nyan Heroes, Portals, StepN"",""<a href=""""https://solscan.io/account/A77HErqtfN1hLLpvZ9pCtu66FEtM8BveoaKbbMoZ4RiR"""" target=""""_blank"""">View Portfolio</a>""
GZJhTLSHcmpEDzG5waLgpRTV4oRnywT2G5wQxqxujMo1,3,""Honeyland, Portals, StepN"",""<a href=""""https://solscan.io/account/GZJhTLSHcmpEDzG5waLgpRTV4oRnywT2G5wQxqxujMo1"""" target=""""_blank"""">View Portfolio</a>""
FvJEBoxZHK76mBFm1th1ZonyEnU1vUHsvGZAUHnoVbt7,3,""Honeyland, Portals, Portals Chrono Rush"",""<a href=""""https://solscan.io/account/FvJEBoxZHK76mBFm1th1ZonyEnU1vUHsvGZAUHnoVbt7"""" target=""""_blank"""">View Portfolio</a>""
4y5ZFMEEDtcYyH6jWXKGjct4gaW3jGG1gKGPJQcHP4Ej,3,""Portals, Portals Chrono Rush, StepN"",""<a href=""""https://solscan.io/account/4y5ZFMEEDtcYyH6jWXKGjct4gaW3jGG1gKGPJQcHP4Ej"""" target=""""_blank"""">View Portfolio</a>""
AmZaQwdMRKNC5JzRUujZfrVFyjmoUuvrRmc6iKnQHEv6,3,""Portals, Portals Chrono Rush, StepN"",""<a href=""""https://solscan.io/account/AmZaQwdMRKNC5JzRUujZfrVFyjmoUuvrRmc6iKnQHEv6"""" target=""""_blank"""">View Portfolio</a>""
GbvKwdREFUvD8XXBsuv3PHrn7FK7Bv8XTV1PRKEmurGM,3,""Portals, Portals Chrono Rush, StepN"",""<a href=""""https://solscan.io/account/GbvKwdREFUvD8XXBsuv3PHrn7FK7Bv8XTV1PRKEmurGM"""" target=""""_blank"""">View Portfolio</a>""
H39qu6zrJWPTbMuAGcFcP2RqeMAgBKMUHha2RVmZbreQ,3,""Honeyland, Portals, Portals Chrono Rush"",""<a href=""""https://solscan.io/account/H39qu6zrJWPTbMuAGcFcP2RqeMAgBKMUHha2RVmZbreQ"""" target=""""_blank"""">View Portfolio</a>""
GWCj4tMPSNE2CPZ4dDknF9kVVKrHj3jfWHuZNwrL7jvj,3,""Honeyland, Portals, StepN"",""<a href=""""https://solscan.io/account/GWCj4tMPSNE2CPZ4dDknF9kVVKrHj3jfWHuZNwrL7jvj"""" target=""""_blank"""">View Portfolio</a>""
AiM1WvYfnoMwRumjAHJBMRHFBjpFBVJhXNKVMUjbUY19,3,""Honeyland, Portals, Portals Chrono Rush"",""<a href=""""https://solscan.io/account/AiM1WvYfnoMwRumjAHJBMRHFBjpFBVJhXNKVMUjbUY19"""" target=""""_blank"""">View Portfolio</a>""
4NaQ5kyRSo3gXobWiicxeH7DUrCLZEGfwipryvhdcf2S,3,""Axie Rescue, Portals, Portals Chrono Rush"",""<a href=""""https://solscan.io/account/4NaQ5kyRSo3gXobWiicxeH7DUrCLZEGfwipryvhdcf2S"""" target=""""_blank"""">View Portfolio</a>""
Atx9tLeZ8Z5Bg4a713nsDRoavfqB8pU187oNqbuwaxZ3,3,""Honeyland, MixMob, StepN"",""<a href=""""https://solscan.io/account/Atx9tLeZ8Z5Bg4a713nsDRoavfqB8pU187oNqbuwaxZ3"""" target=""""_blank"""">View Portfolio</a>""
BHsusb3Dw9U9egMDpaoHyznTSjKvH7tVu2nxzMTUb6wq,3,""Aurory, Honeyland, StepN"",""<a href=""""https://solscan.io/account/BHsusb3Dw9U9egMDpaoHyznTSjKvH7tVu2nxzMTUb6wq"""" target=""""_blank"""">View Portfolio</a>""
CHUBwcGSRBpdx19qtQKB8Foq5GuLLvpVmpCw7cvbLATn,3,""Aurory, Portals, StepN"",""<a href=""""https://solscan.io/account/CHUBwcGSRBpdx19qtQKB8Foq5GuLLvpVmpCw7cvbLATn"""" target=""""_blank"""">View Portfolio</a>""
FundHfY8oo8J9KYGyfXFFuQCHe7Z1VBNmsj84eMcdYs4,3,""Genopets, Honeyland, Portals"",""<a href=""""https://solscan.io/account/FundHfY8oo8J9KYGyfXFFuQCHe7Z1VBNmsj84eMcdYs4"""" target=""""_blank"""">View Portfolio</a>""
DLrMpnRPGxzRTAsqEdtqf418ZHKhLj2ZKB4mV7VWCcXX,3,""Honeyland, Portals, StepN"",""<a href=""""https://solscan.io/account/DLrMpnRPGxzRTAsqEdtqf418ZHKhLj2ZKB4mV7VWCcXX"""" target=""""_blank"""">View Portfolio</a>""
HmvB1R5BMyUxuqcyU14YcPXFGj1nS9GFK7Y1m3fC4ygv,3,""Portals, Portals Chrono Rush, StepN"",""<a href=""""https://solscan.io/account/HmvB1R5BMyUxuqcyU14YcPXFGj1nS9GFK7Y1m3fC4ygv"""" target=""""_blank"""">View Portfolio</a>""
AkZ1us8fxnUodewf6RfyWTvJsm3jcbY5EQfDBEVi57Ft,3,""Portals, Portals Chrono Rush, StepN"",""<a href=""""https://solscan.io/account/AkZ1us8fxnUodewf6RfyWTvJsm3jcbY5EQfDBEVi57Ft"""" target=""""_blank"""">View Portfolio</a>""
JAAjLACTM7vVpqt1QYpKCn6GH8k7dVUmkUjdKN6KUAx9,3,""Portals, Portals Chrono Rush, StepN"",""<a href=""""https://solscan.io/account/JAAjLACTM7vVpqt1QYpKCn6GH8k7dVUmkUjdKN6KUAx9"""" target=""""_blank"""">View Portfolio</a>""
H8gk8HuNpLPGJ2D5faAnW3xbmFkPrqMKubTNcPS1UA3B,3,""Portals, Portals Chrono Rush, StepN"",""<a href=""""https://solscan.io/account/H8gk8HuNpLPGJ2D5faAnW3xbmFkPrqMKubTNcPS1UA3B"""" target=""""_blank"""">View Portfolio</a>""
7RJKkNpi7Dggf7ij7N2eoV6vT5NBd3rV599xK57y7ifw,3,""Honeyland, Portals, Star Atlas"",""<a href=""""https://solscan.io/account/7RJKkNpi7Dggf7ij7N2eoV6vT5NBd3rV599xK57y7ifw"""" target=""""_blank"""">View Portfolio</a>""
J2F5yeHubyt7VNHgfHNCTNG7kFYFJs7DLjYKh7urDHg2,3,""Aurory, Genopets, StepN"",""<a href=""""https://solscan.io/account/J2F5yeHubyt7VNHgfHNCTNG7kFYFJs7DLjYKh7urDHg2"""" target=""""_blank"""">View Portfolio</a>""
2WvqSzyrpBhTBi8mfkZ7LZHNo889SdJxENJsG3dWsy3z,3,""Honeyland, Portals, StepN"",""<a href=""""https://solscan.io/account/2WvqSzyrpBhTBi8mfkZ7LZHNo889SdJxENJsG3dWsy3z"""" target=""""_blank"""">View Portfolio</a>""
GLceqEjU2Zqe7X5dnwzZCaCYgrwz7A1scc4boXwLuNkX,3,""Aurory, Honeyland, StepN"",""<a href=""""https://solscan.io/account/GLceqEjU2Zqe7X5dnwzZCaCYgrwz7A1scc4boXwLuNkX"""" target=""""_blank"""">View Portfolio</a>""
JLHAg2FnDdTuwjfE4kAbQtu61R69m6NVjicuZFtP4xq,3,""Axie Rescue, Portals, Portals Chrono Rush"",""<a href=""""https://solscan.io/account/JLHAg2FnDdTuwjfE4kAbQtu61R69m6NVjicuZFtP4xq"""" target=""""_blank"""">View Portfolio</a>""
MZzUuscyYDCi41rDz4JbEkmqvQZ6S3QhVExUnRyacC7,3,""Genopets, Honeyland, StepN"",""<a href=""""https://solscan.io/account/MZzUuscyYDCi41rDz4JbEkmqvQZ6S3QhVExUnRyacC7"""" target=""""_blank"""">View Portfolio</a>""
Fiu84VDv13eM4rq3cYsKw9XkrjRFVTnyYtVo4St3wiU1,3,""Axie Rescue, Portals, Portals Chrono Rush"",""<a href=""""https://solscan.io/account/Fiu84VDv13eM4rq3cYsKw9XkrjRFVTnyYtVo4St3wiU1"""" target=""""_blank"""">View Portfolio</a>""
GCoLS3wmS7s17F6wvsi3kcwMk3Y6UsEGaetDjbxLz3MY,3,""Honeyland, Portals, StepN"",""<a href=""""https://solscan.io/account/GCoLS3wmS7s17F6wvsi3kcwMk3Y6UsEGaetDjbxLz3MY"""" target=""""_blank"""">View Portfolio</a>""
FTq4e9KFZuCZHtkJqAfCrbmQvS3HFCGNcnVMA8HJAdrz,3,""Genopets, Honeyland, StepN"",""<a href=""""https://solscan.io/account/FTq4e9KFZuCZHtkJqAfCrbmQvS3HFCGNcnVMA8HJAdrz"""" target=""""_blank"""">View Portfolio</a>""
CwHFgfaUd4AiQqc9cGZF6gjnuWQnayDHp7dEam5DAtXf,3,""Portals, Portals Chrono Rush, StepN"",""<a href=""""https://solscan.io/account/CwHFgfaUd4AiQqc9cGZF6gjnuWQnayDHp7dEam5DAtXf"""" target=""""_blank"""">View Portfolio</a>""
2ckxfKGvyJb7hbNvPHzD7faNrnqas3Rf2dUn3ANEPK6Y,3,""Aurory, Honeyland, StepN"",""<a href=""""https://solscan.io/account/2ckxfKGvyJb7hbNvPHzD7faNrnqas3Rf2dUn3ANEPK6Y"""" target=""""_blank"""">View Portfolio</a>""
F2ABsg5J6Jp8wtJVd4bUDAPUigKyf9VzNcRyABUAWXZV,3,""Genopets, Honeyland, StepN"",""<a href=""""https://solscan.io/account/F2ABsg5J6Jp8wtJVd4bUDAPUigKyf9VzNcRyABUAWXZV"""" target=""""_blank"""">View Portfolio</a>""
FcVNCr9sbBmLdiVRqXbhAiDPSYgvT7K7Usoch24cKMr9,3,""Honeyland, Portals, StepN"",""<a href=""""https://solscan.io/account/FcVNCr9sbBmLdiVRqXbhAiDPSYgvT7K7Usoch24cKMr9"""" target=""""_blank"""">View Portfolio</a>""
BAHSLmq8w8un4A7nxpcorJdki6HcQNPcB2GKqcT4acr4,3,""Faraway, MixMob, StepN"",""<a href=""""https://solscan.io/account/BAHSLmq8w8un4A7nxpcorJdki6HcQNPcB2GKqcT4acr4"""" target=""""_blank"""">View Portfolio</a>""
FzZ77TM8Ekcb6gyWPmcT9upWkAZKZc5xrYfuFu7pifPn,3,""Honeyland, Portals, StepN"",""<a href=""""https://solscan.io/account/FzZ77TM8Ekcb6gyWPmcT9upWkAZKZc5xrYfuFu7pifPn"""" target=""""_blank"""">View Portfolio</a>""
Gtf4RWqjHhkoio55QkkYM7K3vP4BAT3eSUYPwSZKk8Wi,3,""Aurory, Honeyland, StepN"",""<a href=""""https://solscan.io/account/Gtf4RWqjHhkoio55QkkYM7K3vP4BAT3eSUYPwSZKk8Wi"""" target=""""_blank"""">View Portfolio</a>""
AYZRrmA1J17ndWdrUMvc22t9aearxt18GobwMpvckjWP,3,""Genopets, MixMob, StepN"",""<a href=""""https://solscan.io/account/AYZRrmA1J17ndWdrUMvc22t9aearxt18GobwMpvckjWP"""" target=""""_blank"""">View Portfolio</a>""
H2LRyxTYREuaB9MTTcUvoffCH7n8reRN8T3dcwkfTfmP,3,""Honeyland, Portals Chrono Rush, StepN"",""<a href=""""https://solscan.io/account/H2LRyxTYREuaB9MTTcUvoffCH7n8reRN8T3dcwkfTfmP"""" target=""""_blank"""">View Portfolio</a>""
HpoJstgkdZz3NtJr4zL7FHPMu3QbSx8RmZgcyGS9wukp,3,""Genopets, MixMob, Portals"",""<a href=""""https://solscan.io/account/HpoJstgkdZz3NtJr4zL7FHPMu3QbSx8RmZgcyGS9wukp"""" target=""""_blank"""">View Portfolio</a>""
Hu2TGxSyQobW4wXuRJXrS6wvmqLpXcKepL2n1tw7SuQ4,3,""Honeyland, Portals, Portals Chrono Rush"",""<a href=""""https://solscan.io/account/Hu2TGxSyQobW4wXuRJXrS6wvmqLpXcKepL2n1tw7SuQ4"""" target=""""_blank"""">View Portfolio</a>""
81RNGEsfnZR3nEkeDsF98DgKYwP38Ci6Gmd5j7gZEq75,3,""Honeyland, Portals, Portals Chrono Rush"",""<a href=""""https://solscan.io/account/81RNGEsfnZR3nEkeDsF98DgKYwP38Ci6Gmd5j7gZEq75"""" target=""""_blank"""">View Portfolio</a>""
97VYGjz1TB6WWK9rEnhoLgEr6rSdLHKct5mtnLnwSVF9,3,""Honeyland, MixMob, StepN"",""<a href=""""https://solscan.io/account/97VYGjz1TB6WWK9rEnhoLgEr6rSdLHKct5mtnLnwSVF9"""" target=""""_blank"""">View Portfolio</a>""
83zo8SVcfpqNnnVJuBrDkMKXTvAcmLJzLmTk9f166sPE,3,""Axie Rescue, Portals, Portals Chrono Rush"",""<a href=""""https://solscan.io/account/83zo8SVcfpqNnnVJuBrDkMKXTvAcmLJzLmTk9f166sPE"""" target=""""_blank"""">View Portfolio</a>""
4oMxoJdV33tz6ErAmsBQnDAXm2tRrsrHcFVUCU6eNxnz,3,""Genopets, Portals, Portals Chrono Rush"",""<a href=""""https://solscan.io/account/4oMxoJdV33tz6ErAmsBQnDAXm2tRrsrHcFVUCU6eNxnz"""" target=""""_blank"""">View Portfolio</a>""
6Yj5b8UwxjyNB9u4SzVR142mfRfZHXE6dzbD2KkbkTmH,3,""Honeyland, Portals, StepN"",""<a href=""""https://solscan.io/account/6Yj5b8UwxjyNB9u4SzVR142mfRfZHXE6dzbD2KkbkTmH"""" target=""""_blank"""">View Portfolio</a>""
FXJg88ZgxNBFyS4pxNW8uatocPDfiAvghFfJZ7BDLVTY,3,""Portals, Portals Chrono Rush, StepN"",""<a href=""""https://solscan.io/account/FXJg88ZgxNBFyS4pxNW8uatocPDfiAvghFfJZ7BDLVTY"""" target=""""_blank"""">View Portfolio</a>""
7D6fQU9GJSaQMFMUfa6bjNZyfgMZrY8h55ZgfRtt3hzG,3,""Axie Rescue, Portals, Portals Chrono Rush"",""<a href=""""https://solscan.io/account/7D6fQU9GJSaQMFMUfa6bjNZyfgMZrY8h55ZgfRtt3hzG"""" target=""""_blank"""">View Portfolio</a>""
En7sceBfYE2nE86vywsut3jdpQKdnREZrSMYVwictg55,3,""Aurory, Axie Rescue, Portals"",""<a href=""""https://solscan.io/account/En7sceBfYE2nE86vywsut3jdpQKdnREZrSMYVwictg55"""" target=""""_blank"""">View Portfolio</a>""
zzzzp4NwJTSeNWzR1y9pCWK7eB7zkGxavsxcscGP4rc,3,""Portals, Portals Chrono Rush, StepN"",""<a href=""""https://solscan.io/account/zzzzp4NwJTSeNWzR1y9pCWK7eB7zkGxavsxcscGP4rc"""" target=""""_blank"""">View Portfolio</a>""
GZeVgZTDAyGDR5fg7Tbct6JfeGTNuE8xfT6zH2wGWm3v,3,""Honeyland, StepN, ev.io"",""<a href=""""https://solscan.io/account/GZeVgZTDAyGDR5fg7Tbct6JfeGTNuE8xfT6zH2wGWm3v"""" target=""""_blank"""">View Portfolio</a>""
GnWFhrfgciKVoqgAqarwWEQ79NuD2LnRd9EEYaB1kUoc,3,""Aurory, MixMob, StepN"",""<a href=""""https://solscan.io/account/GnWFhrfgciKVoqgAqarwWEQ79NuD2LnRd9EEYaB1kUoc"""" target=""""_blank"""">View Portfolio</a>""
Ack4n8hPpWjAUDKNqtVqpZX8Njm5LHgswiZFsXU9hvwA,3,""Aurory, Honeyland, Portals"",""<a href=""""https://solscan.io/account/Ack4n8hPpWjAUDKNqtVqpZX8Njm5LHgswiZFsXU9hvwA"""" target=""""_blank"""">View Portfolio</a>""
G7AZeHLFxX9xwW3n4jSEDNTZepzhUP1WRpxbcvtg3E4q,3,""Genopets, Portals, StepN"",""<a href=""""https://solscan.io/account/G7AZeHLFxX9xwW3n4jSEDNTZepzhUP1WRpxbcvtg3E4q"""" target=""""_blank"""">View Portfolio</a>""
DfPrY1tNzLF3C9bXak3M14NNumyKpztkqdsRW2R7FahD,3,""Genopets, Portals, StepN"",""<a href=""""https://solscan.io/account/DfPrY1tNzLF3C9bXak3M14NNumyKpztkqdsRW2R7FahD"""" target=""""_blank"""">View Portfolio</a>""
Bya5eBy9KgqaXfnLKuvFYBaqzYqxip3JVimhtToKRxLp,3,""Aurory, Honeyland, StepN"",""<a href=""""https://solscan.io/account/Bya5eBy9KgqaXfnLKuvFYBaqzYqxip3JVimhtToKRxLp"""" target=""""_blank"""">View Portfolio</a>""
CRqyaHy3EdejLteQfU4sHH7JegbczWHK3nis33u87NHA,3,""Portals, Portals Chrono Rush, StepN"",""<a href=""""https://solscan.io/account/CRqyaHy3EdejLteQfU4sHH7JegbczWHK3nis33u87NHA"""" target=""""_blank"""">View Portfolio</a>""
7VdsGFmaKDBuPmhD1nuA61YX5YbXkTff5qwztSFcN41f,3,""Portals, Portals Chrono Rush, StepN"",""<a href=""""https://solscan.io/account/7VdsGFmaKDBuPmhD1nuA61YX5YbXkTff5qwztSFcN41f"""" target=""""_blank"""">View Portfolio</a>""
B2NiB14cQEThA8UG84B9sKb6LoFdRrTzLUt7NxmLjYzV,3,""Axie Rescue, Portals, Portals Chrono Rush"",""<a href=""""https://solscan.io/account/B2NiB14cQEThA8UG84B9sKb6LoFdRrTzLUt7NxmLjYzV"""" target=""""_blank"""">View Portfolio</a>""
GaCmqzkvASp783oFM7SD3MS2ES5ZMzX2v1GRmNfzpV19,3,""Portals, Portals Chrono Rush, StepN"",""<a href=""""https://solscan.io/account/GaCmqzkvASp783oFM7SD3MS2ES5ZMzX2v1GRmNfzpV19"""" target=""""_blank"""">View Portfolio</a>""
3MjCbS9jtCswGjxNwNHTWRqahyDLgoVASgjUo8xPMDMx,3,""Genopets, MixMob, StepN"",""<a href=""""https://solscan.io/account/3MjCbS9jtCswGjxNwNHTWRqahyDLgoVASgjUo8xPMDMx"""" target=""""_blank"""">View Portfolio</a>""
GGgUJX5Ckvxg7mw1pB3jXEphg2w3Ndt5x731Vrjk9FkC,3,""Aurory, Genopets, StepN"",""<a href=""""https://solscan.io/account/GGgUJX5Ckvxg7mw1pB3jXEphg2w3Ndt5x731Vrjk9FkC"""" target=""""_blank"""">View Portfolio</a>""
HGDt2fsgoetdNKdaKBtoSfdPDHon4bfbfRqMgKxW8jeK,3,""Aurory, Genopets, Star Atlas"",""<a href=""""https://solscan.io/account/HGDt2fsgoetdNKdaKBtoSfdPDHon4bfbfRqMgKxW8jeK"""" target=""""_blank"""">View Portfolio</a>""
GX9nfVpdZ9eHpcPTDCCf5zaJr9MoVQNGpAywYMuTtGvU,3,""Portals, Portals Chrono Rush, StepN"",""<a href=""""https://solscan.io/account/GX9nfVpdZ9eHpcPTDCCf5zaJr9MoVQNGpAywYMuTtGvU"""" target=""""_blank"""">View Portfolio</a>""
HVh6wHNBAsG3pq1Bj5oCzRjoWKVogEDHwUHkRz3ekFgt,3,""Aurory, Portals, StepN"",""<a href=""""https://solscan.io/account/HVh6wHNBAsG3pq1Bj5oCzRjoWKVogEDHwUHkRz3ekFgt"""" target=""""_blank"""">View Portfolio</a>""
FRo44bVmGWzjquAW7rvriFnyyMQdSeUpdtj6kCrhSCgj,3,""Honeyland, Portals, StepN"",""<a href=""""https://solscan.io/account/FRo44bVmGWzjquAW7rvriFnyyMQdSeUpdtj6kCrhSCgj"""" target=""""_blank"""">View Portfolio</a>""
AF3rZxQkfaoL3KLJt6GC7yZhf6kon7kjPmGkKHd1Zeow,3,""Portals, Portals Chrono Rush, StepN"",""<a href=""""https://solscan.io/account/AF3rZxQkfaoL3KLJt6GC7yZhf6kon7kjPmGkKHd1Zeow"""" target=""""_blank"""">View Portfolio</a>""
GXvaaoLwKd6bqPYwyiVSgfJE11CUVBhadEMWhK6U9iAo,3,""Axie Rescue, Portals, Portals Chrono Rush"",""<a href=""""https://solscan.io/account/GXvaaoLwKd6bqPYwyiVSgfJE11CUVBhadEMWhK6U9iAo"""" target=""""_blank"""">View Portfolio</a>""
CevF18BhYDQhUeRhPYK4VNPz2NWamdBRaDJJNyNiRaGf,3,""Portals, Portals Chrono Rush, StepN"",""<a href=""""https://solscan.io/account/CevF18BhYDQhUeRhPYK4VNPz2NWamdBRaDJJNyNiRaGf"""" target=""""_blank"""">View Portfolio</a>""
EfwJn8cXCYhcGrsavxWSDbUFHPrCK9gvdCr6AVywFBPg,3,""Aurory, Portals, StepN"",""<a href=""""https://solscan.io/account/EfwJn8cXCYhcGrsavxWSDbUFHPrCK9gvdCr6AVywFBPg"""" target=""""_blank"""">View Portfolio</a>""
GhfHD6323oi7wfbGENqMBqHuz3yQDzJB5vcNmnJg2GDN,3,""Aurory, Genopets, Honeyland"",""<a href=""""https://solscan.io/account/GhfHD6323oi7wfbGENqMBqHuz3yQDzJB5vcNmnJg2GDN"""" target=""""_blank"""">View Portfolio</a>""
",2025-11-28T01:34:11.142068,success
